Date,Products,Cost,Revenue,Profit
19-02-2016,Tires and Tubes,80,109,29
20-02-2016,Gloves,49,57,8
27-02-2016,Tires and Tubes,11,15,4
12-03-2016,Tires and Tubes,175,233,58
12-03-2016,Tires and Tubes,105,125,20
08-04-2016,Tires and Tubes,66,78,12
17-04-2016,Tires and Tubes,104,120,16
17-04-2016,Tires and Tubes,60,68,8
22-06-2016,Tires and Tubes,16,20,4
22-06-2016,Tires and Tubes,5,6,1
24-06-2016,Helmets,35,42,7
01-07-2016,Tires and Tubes,120,146,26
22-07-2016,Tires and Tubes,92,120,28
22-07-2016,Tires and Tubes,9,10,1
18-08-2015,Helmets,455,544,89
30-08-2015,Tires and Tubes,210,218,8
17-09-2015,Tires and Tubes,385,439,54
17-09-2015,Tires and Tubes,145,173,28
17-09-2015,Helmets,630,638,8
24-09-2015,Tires and Tubes,64,74,10
24-09-2015,Helmets,980,1079,99
07-10-2015,Tires and Tubes,125,136,11
07-10-2015,Helmets,35,36,1
07-10-2015,Tires and Tubes,430,452,22
07-10-2015,Tires and Tubes,66,69,3
13-10-2015,Tires and Tubes,750,820,70
20-10-2015,Tires and Tubes,120,141,21
20-10-2015,Tires and Tubes,125,130,5
20-10-2015,Helmets,140,143,3
01-11-2015,Tires and Tubes,385,427,42
01-11-2015,Tires and Tubes,115,130,15
01-11-2015,Helmets,455,510,55
15-11-2015,Tires and Tubes,56,65,9
15-11-2015,Tires and Tubes,326,371,45
15-11-2015,Tires and Tubes,44,45,1
15-12-2015,Helmets,560,538,-22
16-12-2015,Tires and Tubes,587,641,54
16-12-2015,Tires and Tubes,4,4,0
16-12-2015,Helmets,420,472,52
20-12-2015,Tires and Tubes,551,606,55
20-12-2015,Tires and Tubes,120,120,0
20-12-2015,Helmets,630,624,-6
25-12-2015,Tires and Tubes,65,72,7
25-12-2015,Tires and Tubes,1015,1168,153
25-12-2015,Tires and Tubes,32,33,1
29-12-2015,Tires and Tubes,110,125,15
29-12-2015,Helmets,490,499,9
22-07-2015,Bike Stands,636,677,41
10-10-2015,Bike Stands,477,512,35
11-06-2016,Mountain Bikes,769,875,106
13-08-2015,Mountain Bikes,2295,2242,-53
10-09-2015,Mountain Bikes,769,776,7
20-10-2015,Mountain Bikes,2320,2010,-310
21-12-2015,Mountain Bikes,2295,2303,8
27-07-2015,Hydration Packs,1595,1626,31
07-02-2016,Mountain Bikes,540,565,25
24-07-2015,Mountain Bikes,2320,2160,-160
20-03-2016,Jerseys,300,353,53
21-03-2016,Jerseys,750,985,235
06-05-2016,Jerseys,400,493,93
06-06-2016,Fenders,264,286,22
09-06-2016,Jerseys,600,768,168
20-08-2015,Jerseys,400,483,83
21-08-2015,Jerseys,1188,1139,-49
27-09-2015,Jerseys,150,159,9
27-01-2016,Cleaners,199,252,53
25-01-2016,Helmets,140,155,15
26-01-2016,Helmets,175,218,43
20-05-2016,Helmets,105,120,15
26-07-2015,Helmets,245,279,34
06-12-2015,Helmets,420,458,38
24-06-2016,Socks,135,158,23
05-10-2015,Socks,54,61,7
18-07-2015,Mountain Bikes,2295,2146,-149
25-07-2015,Mountain Bikes,2320,2030,-290
04-12-2015,Mountain Bikes,2295,1884,-411
16-07-2015,Caps,216,228,12
14-08-2015,Bike Stands,1590,1588,-2
28-12-2015,Bike Stands,1113,1297,184
26-03-2016,Mountain Bikes,769,873,104
24-05-2016,Touring Bikes,742,751,9
08-07-2015,Mountain Bikes,2320,2340,20
13-07-2015,Mountain Bikes,769,707,-62
08-08-2015,Mountain Bikes,2320,2340,20
25-12-2015,Mountain Bikes,2320,2095,-225
29-08-2015,Bike Stands,954,1049,95
16-01-2016,Hydration Packs,495,559,64
20-02-2016,Hydration Packs,770,1003,233
31-07-2015,Hydration Packs,715,752,37
13-02-2016,Bottles and Cages,120,156,36
07-07-2016,Bottles and Cages,85,108,23
08-07-2016,Bottles and Cages,210,272,62
16-07-2015,Bottles and Cages,65,67,2
16-07-2015,Bottles and Cages,250,287,37
16-07-2015,Jerseys,1242,1313,71
04-09-2015,Jerseys,972,1071,99
06-09-2015,Bottles and Cages,50,53,3
22-10-2015,Bottles and Cages,189,179,-10
22-10-2015,Bottles and Cages,20,21,1
21-12-2015,Jerseys,150,159,9
13-07-2015,Mountain Bikes,2295,2154,-141
16-07-2015,Mountain Bikes,2295,2137,-158
13-02-2016,Tires and Tubes,96,105,9
22-03-2016,Tires and Tubes,100,113,13
03-05-2016,Tires and Tubes,48,56,8
20-05-2016,Tires and Tubes,60,71,11
28-06-2016,Tires and Tubes,50,54,4
03-07-2016,Tires and Tubes,140,185,45
03-07-2016,Tires and Tubes,40,48,8
08-08-2015,Tires and Tubes,870,1023,153
08-08-2015,Tires and Tubes,5,6,1
08-08-2015,Tires and Tubes,2,2,0
27-10-2015,Tires and Tubes,250,259,9
27-10-2015,Tires and Tubes,27,29,2
31-10-2015,Tires and Tubes,490,520,30
31-10-2015,Tires and Tubes,85,94,9
31-10-2015,Tires and Tubes,37,41,4
02-12-2015,Tires and Tubes,15,17,2
02-12-2015,Tires and Tubes,1050,1111,61
10-01-2016,Helmets,70,88,18
13-01-2016,Helmets,105,131,26
27-02-2016,Helmets,35,40,5
16-08-2015,Helmets,910,928,18
17-11-2015,Helmets,105,113,8
29-07-2015,Mountain Bikes,2295,2213,-82
29-07-2015,Hydration Packs,440,509,69
29-07-2015,Mountain Bikes,2295,2115,-180
29-07-2015,Bottles and Cages,230,250,20
29-07-2015,Bottles and Cages,15,15,0
13-07-2015,Mountain Bikes,2295,2218,-77
30-09-2015,Vests,64,61,-3
14-07-2015,Mountain Bikes,2320,2155,-165
08-10-2015,Mountain Bikes,769,769,0
12-07-2015,Hydration Packs,825,959,134
01-08-2015,Hydration Packs,385,425,40
21-10-2015,Hydration Packs,715,804,89
17-12-2015,Hydration Packs,605,675,70
04-04-2016,Mountain Bikes,769,815,46
02-04-2015,Mountain Bikes,2049,1808,-241
22-08-2015,Mountain Bikes,2295,2297,2
25-08-2015,Mountain Bikes,2320,2046,-274
13-05-2016,Vests,191,237,46
09-10-2015,Vests,64,58,-6
26-11-2015,Vests,1524,1725,201
16-04-2016,Socks,207,265,58
27-03-2016,Hydration Packs,330,413,83
20-07-2015,Hydration Packs,165,177,12
05-11-2015,Hydration Packs,110,127,17
28-03-2016,Gloves,686,718,32
05-01-2016,Tires and Tubes,210,271,61
07-02-2016,Tires and Tubes,70,91,21
07-02-2016,Tires and Tubes,40,47,7
01-03-2016,Tires and Tubes,60,66,6
01-03-2016,Tires and Tubes,770,991,221
01-03-2016,Tires and Tubes,16,23,7
08-07-2016,Tires and Tubes,116,130,14
08-07-2016,Helmets,910,1156,246
20-07-2016,Tires and Tubes,60,72,12
20-07-2016,Tires and Tubes,37,47,10
13-09-2015,Tires and Tubes,420,442,22
05-10-2015,Tires and Tubes,52,59,7
11-02-2016,Tires and Tubes,105,127,22
11-02-2016,Tires and Tubes,35,42,7
11-04-2016,Tires and Tubes,36,48,12
11-04-2016,Tires and Tubes,64,82,18
18-04-2016,Tires and Tubes,80,95,15
18-04-2016,Tires and Tubes,870,1020,150
20-04-2016,Tires and Tubes,20,28,8
26-04-2016,Tires and Tubes,16,18,2
04-05-2016,Tires and Tubes,85,107,22
04-05-2016,Tires and Tubes,525,624,99
29-05-2016,Tires and Tubes,315,390,75
10-07-2016,Tires and Tubes,455,480,25
10-07-2016,Tires and Tubes,16,21,5
24-07-2016,Tires and Tubes,12,16,4
24-07-2016,Tires and Tubes,2,3,1
01-11-2015,Tires and Tubes,32,35,3
01-11-2015,Tires and Tubes,64,72,8
15-12-2015,Tires and Tubes,1015,1121,106
15-12-2015,Tires and Tubes,75,72,-3
15-12-2015,Tires and Tubes,270,268,-2
15-12-2015,Tires and Tubes,110,113,3
15-12-2015,Tires and Tubes,69,85,16
19-12-2015,Tires and Tubes,193,216,23
05-10-2015,Vests,191,213,22
26-01-2016,Mountain Bikes,2320,2450,130
07-04-2016,Road Bikes,1701,1865,164
09-08-2015,Mountain Bikes,2295,2111,-184
09-08-2015,Socks,153,144,-9
10-11-2015,Mountain Bikes,2295,2233,-62
29-11-2015,Mountain Bikes,2320,2320,0
05-01-2016,Touring Bikes,742,791,49
08-01-2016,Touring Bikes,742,765,23
03-05-2016,Mountain Bikes,769,735,-34
03-05-2016,Mountain Bikes,769,777,8
03-05-2016,Caps,144,166,22
09-05-2016,Touring Bikes,742,774,32
09-05-2016,Caps,9,11,2
14-07-2015,Mountain Bikes,2320,2314,-6
06-09-2015,Caps,117,124,7
13-10-2015,Mountain Bikes,2295,2339,44
10-06-2016,Gloves,661,809,148
24-04-2016,Gloves,318,376,58
27-03-2016,Bike Racks,1080,1333,253
21-01-2016,Bike Stands,954,1235,281
02-01-2016,Fenders,286,380,94
31-01-2016,Hydration Packs,1485,1852,367
01-03-2016,Hydration Packs,1210,1512,302
05-09-2015,Hydration Packs,495,593,98
06-03-2016,Helmets,805,948,143
12-03-2016,Helmets,140,149,9
07-04-2016,Helmets,420,504,84
18-04-2016,Helmets,420,456,36
14-05-2016,Helmets,350,432,82
13-06-2016,Helmets,805,1004,199
03-07-2016,Helmets,1050,1302,252
13-08-2015,Helmets,105,114,9
27-08-2015,Helmets,315,345,30
18-09-2015,Helmets,560,621,61
08-11-2015,Helmets,105,108,3
02-12-2015,Helmets,630,723,93
09-08-2015,Tires and Tubes,770,787,17
09-08-2015,Tires and Tubes,105,113,8
18-08-2015,Hydration Packs,1540,1662,122
01-05-2016,Tires and Tubes,140,171,31
01-05-2016,Tires and Tubes,14,16,2
27-07-2016,Tires and Tubes,41,47,6
19-07-2015,Tires and Tubes,550,627,77
19-07-2015,Tires and Tubes,9,11,2
15-06-2016,Cleaners,111,129,18
29-03-2016,Helmets,105,129,24
10-04-2016,Road Bikes,540,606,66
05-06-2016,Touring Bikes,742,677,-65
05-06-2016,Helmets,105,135,30
13-01-2015,Mountain Bikes,2049,1869,-180
15-01-2015,Mountain Bikes,2071,1947,-124
31-07-2015,Mountain Bikes,2295,2239,-56
31-07-2015,Helmets,525,520,-5
05-12-2015,Touring Bikes,742,658,-84
09-03-2016,Fenders,637,856,219
15-01-2016,Tires and Tubes,30,37,7
15-01-2016,Tires and Tubes,100,138,38
29-01-2016,Tires and Tubes,70,80,10
29-01-2016,Tires and Tubes,60,73,13
02-04-2016,Tires and Tubes,425,508,83
02-04-2016,Tires and Tubes,44,54,10
25-08-2015,Tires and Tubes,37,36,-1
03-09-2015,Tires and Tubes,510,595,85
03-09-2015,Tires and Tubes,145,147,2
02-10-2015,Tires and Tubes,385,414,29
07-12-2015,Tires and Tubes,595,651,56
07-12-2015,Tires and Tubes,135,157,22
13-01-2016,Fenders,659,790,131
12-02-2016,Fenders,440,510,70
17-01-2016,Cleaners,207,275,68
09-01-2016,Gloves,147,164,17
17-01-2016,Gloves,588,837,249
18-01-2016,Helmets,525,648,123
26-01-2016,Helmets,910,1141,231
04-02-2016,Tires and Tubes,163,203,40
04-02-2016,Tires and Tubes,28,33,5
19-03-2016,Tires and Tubes,125,174,49
19-03-2016,Gloves,24,32,8
23-03-2016,Tires and Tubes,87,101,14
23-03-2016,Tires and Tubes,135,163,28
13-04-2016,Tires and Tubes,50,62,12
13-04-2016,Tires and Tubes,23,25,2
14-04-2016,Tires and Tubes,319,397,78
18-04-2016,Tires and Tubes,717,892,175
18-04-2016,Tires and Tubes,16,20,4
21-04-2016,Caps,189,235,46
26-04-2016,Tires and Tubes,225,275,50
26-04-2016,Tires and Tubes,75,84,9
08-05-2016,Helmets,140,190,50
01-06-2016,Caps,81,94,13
11-06-2016,Tires and Tubes,28,33,5
11-06-2016,Tires and Tubes,228,321,93
11-06-2016,Gloves,539,643,104
22-06-2016,Tires and Tubes,60,72,12
22-06-2016,Helmets,700,769,69
17-07-2016,Caps,135,163,28
12-08-2015,Tires and Tubes,140,169,29
12-08-2015,Helmets,700,712,12
12-08-2015,Caps,171,190,19
11-09-2015,Tires and Tubes,300,317,17
27-10-2015,Tires and Tubes,754,907,153
27-10-2015,Tires and Tubes,25,27,2
30-10-2015,Helmets,1015,1016,1
24-11-2015,Tires and Tubes,625,682,57
24-11-2015,Tires and Tubes,135,158,23
24-11-2015,Tires and Tubes,64,72,8
07-12-2015,Caps,216,245,29
10-12-2015,Tires and Tubes,24,24,0
26-12-2015,Caps,270,256,-14
20-02-2016,Touring Bikes,2384,2792,408
20-02-2016,Tires and Tubes,493,629,136
20-02-2016,Tires and Tubes,40,52,12
20-02-2016,Tires and Tubes,18,20,2
20-02-2016,Bike Stands,954,965,11
20-02-2016,Caps,153,155,2
01-05-2016,Touring Bikes,2384,2292,-92
01-05-2016,Helmets,525,633,108
01-05-2016,Caps,135,172,37
02-07-2015,Helmets,315,353,38
06-10-2015,Tires and Tubes,90,124,34
06-10-2015,Tires and Tubes,700,666,-34
06-10-2015,Helmets,875,684,-191
06-10-2015,Jerseys,1134,1086,-48
13-11-2015,Touring Bikes,742,602,-140
13-11-2015,Tires and Tubes,580,572,-8
13-11-2015,Tires and Tubes,75,77,2
13-11-2015,Helmets,350,275,-75
11-01-2016,Road Bikes,1701,2370,2370
11-01-2016,Helmets,385,398,398
18-01-2016,Mountain Bikes,2320,3023,3023
18-01-2016,Bottles and Cages,230,294,294
18-01-2016,Bottles and Cages,140,167,167
18-01-2016,Helmets,945,873,873
21-01-2016,Mountain Bikes,2295,2741,2741
21-01-2016,Helmets,875,1249,1249
23-02-2016,Touring Bikes,2384,2776,2776
30-03-2016,Road Bikes,1701,1931,1931
30-03-2016,Helmets,1015,1450,1450
21-05-2016,Touring Bikes,742,668,668
21-05-2016,Bottles and Cages,36,41,41
21-05-2016,Bottles and Cages,50,68,68
21-05-2016,Gloves,661,936,936
06-06-2016,Touring Bikes,2384,2949,2949
06-06-2016,Helmets,560,612,612
06-03-2015,Road Bikes,2443,2499,2499
23-03-2015,Mountain Bikes,2049,2271,2271
30-03-2015,Road Bikes,2182,1655,1655
09-07-2015,Mountain Bikes,2320,1599,1599
27-11-2015,Mountain Bikes,565,692,692
27-11-2015,Bottles and Cages,80,97,97
08-12-2015,Road Bikes,540,368,368
20-01-2016,Road Bikes,540,567,201
20-01-2016,Helmets,245,283,870
24-01-2016,Touring Bikes,2384,2425,99
03-02-2016,Mountain Bikes,2295,2296,94
03-02-2016,Helmets,770,1023,8
14-04-2016,Mountain Bikes,2320,2308,85
14-04-2016,Helmets,140,181,212
28-04-2016,Touring Bikes,2384,2275,1011
28-04-2016,Helmets,1050,1370,58
29-04-2016,Mountain Bikes,2295,2504,71
05-06-2016,Mountain Bikes,2320,2468,905
13-06-2016,Touring Bikes,2384,2501,1420
13-06-2016,Helmets,945,1232,1884
15-06-2016,Touring Bikes,2384,2446,95
28-07-2016,Helmets,525,654,58
08-06-2015,Road Bikes,2182,1922,851
17-06-2015,Mountain Bikes,2049,1892,195
21-06-2015,Road Bikes,2443,2314,2267
30-06-2015,Mountain Bikes,2049,1884,2326
16-07-2015,Mountain Bikes,2295,2084,90
16-07-2015,Helmets,315,359,149
24-07-2015,Mountain Bikes,2320,2222,828
31-07-2015,Road Bikes,2443,2251,167
04-08-2015,Mountain Bikes,2295,2376,45
12-08-2015,Touring Bikes,742,770,74
02-09-2015,Road Bikes,2443,2318,184
25-09-2015,Touring Bikes,742,659,414
25-09-2015,Helmets,210,233,1566
10-10-2015,Road Bikes,540,465,2323
10-10-2015,Helmets,420,456,672
25-10-2015,Helmets,840,925,101
31-10-2015,Helmets,875,883,92
19-11-2015,Mountain Bikes,2295,2068,83
24-11-2015,Mountain Bikes,2320,2094,798
24-11-2015,Helmets,525,605,31
26-11-2015,Touring Bikes,2384,2235,976
26-11-2015,Helmets,560,633,335
28-11-2015,Touring Bikes,2384,2192,986
11-12-2015,Road Bikes,540,502,712
11-12-2015,Helmets,630,669,367
29-01-2016,Tires and Tubes,660,1066,180
29-01-2016,Tires and Tubes,37,56,37
19-03-2016,Touring Bikes,2384,2988,900
19-03-2016,Tires and Tubes,754,1178,3681
19-03-2016,Tires and Tubes,75,113,99
13-06-2016,Road Bikes,2443,3419,67
13-06-2016,Bottles and Cages,54,76,1351
01-07-2015,Bottles and Cages,50,67,701
01-07-2015,Bottles and Cages,140,177,419
22-06-2016,Cleaners,111,166,152
05-10-2015,Cleaners,191,254,998
15-01-2016,Bottles and Cages,135,201,519
15-01-2016,Gloves,686,870,1509
15-01-2016,Bottles and Cages,70,99,2567
24-04-2016,Bottles and Cages,90,94,835
24-04-2016,Bottles and Cages,5,8,14
28-09-2015,Bottles and Cages,80,85,72
28-09-2015,Bottles and Cages,225,212,2386
05-07-2015,Bottles and Cages,105,138,2709
05-07-2015,Bottles and Cages,110,161,952
24-01-2016,Tires and Tubes,400,498,1284
07-02-2016,Tires and Tubes,84,108,1493
07-02-2016,Tires and Tubes,559,649,2687
07-02-2016,Gloves,392,483,3234
17-02-2016,Touring Bikes,2384,2415,1555
14-04-2016,Tires and Tubes,725,903,2685
14-04-2016,Tires and Tubes,40,49,192
28-04-2016,Tires and Tubes,96,121,46
28-04-2016,Tires and Tubes,408,481,1035
03-06-2016,Touring Bikes,742,716,10
18-06-2016,Touring Bikes,2384,2432,2516
18-06-2016,Tires and Tubes,25,32,1812
18-06-2016,Tires and Tubes,406,460,2078
18-06-2016,Tires and Tubes,62,76,384
28-06-2016,Tires and Tubes,36,43,2696
27-08-2015,Tires and Tubes,359,365,69
21-10-2015,Tires and Tubes,522,558,70
13-11-2015,Tires and Tubes,365,377,691
13-11-2015,Tires and Tubes,92,96,868
01-12-2015,Touring Bikes,2384,2267,2211
30-12-2015,Touring Bikes,742,676,2008
30-12-2015,Caps,225,272,595
20-06-2016,Touring Bikes,742,757,38
26-05-2016,Bottles and Cages,210,249,71
26-05-2016,Bottles and Cages,75,96,111
26-05-2016,Vests,127,140,563
16-06-2016,Helmets,315,382,20
27-08-2015,Helmets,175,197,228
02-10-2015,Helmets,630,704,970
18-04-2016,Tires and Tubes,980,1196,1772
18-04-2016,Tires and Tubes,80,106,543
18-04-2016,Tires and Tubes,23,25,552
17-10-2015,Tires and Tubes,92,106,1191
17-10-2015,Helmets,560,621,2188
16-06-2016,Touring Bikes,742,737,2592
16-06-2016,Helmets,210,269,2697
16-06-2016,Gloves,686,734,32
04-07-2015,Tires and Tubes,37,41,2377
16-01-2016,Tires and Tubes,315,402,1774
12-06-2016,Tires and Tubes,100,136,76
27-07-2016,Tires and Tubes,75,87,2040
03-11-2015,Tires and Tubes,15,16,2783
03-11-2015,Tires and Tubes,315,356,553
22-11-2015,Tires and Tubes,24,24,2075
22-11-2015,Tires and Tubes,64,64,2122
22-11-2015,Cleaners,207,215,321
26-01-2016,Helmets,560,738,4
01-04-2016,Mountain Bikes,2295,2407,774
01-04-2016,Helmets,980,1387,280
01-06-2016,Mountain Bikes,2295,2479,9
09-06-2016,Road Bikes,540,564,121
22-06-2016,Touring Bikes,742,675,1854
22-06-2016,Helmets,875,1058,54
02-02-2015,Mountain Bikes,2049,1719,2660
19-07-2015,Mountain Bikes,2295,2349,330
03-09-2015,Mountain Bikes,2295,2133,462
03-09-2015,Helmets,105,113,520
11-09-2015,Mountain Bikes,2320,2087,2525
28-01-2016,Road Bikes,540,506,291
01-02-2016,Tires and Tubes,135,176,73
01-02-2016,Tires and Tubes,53,68,166
04-02-2016,Tires and Tubes,50,64,773
04-02-2016,Tires and Tubes,29,37,1746
07-02-2016,Road Bikes,1701,1679,238
07-03-2016,Tires and Tubes,65,86,71
07-03-2016,Tires and Tubes,88,115,1010
27-03-2016,Tires and Tubes,96,109,864
27-03-2016,Tires and Tubes,359,472,941
26-04-2016,Touring Bikes,1215,1230,2821
08-05-2016,Tires and Tubes,60,86,2553
08-05-2016,Tires and Tubes,350,415,300
30-05-2016,Touring Bikes,2384,2818,1041
12-06-2016,Touring Bikes,742,758,1881
17-06-2016,Road Bikes,540,496,2381
17-06-2016,Road Bikes,540,579,402
25-06-2016,Tires and Tubes,98,129,40
25-06-2016,Tires and Tubes,92,119,65
01-07-2016,Tires and Tubes,430,514,2486
01-07-2016,Tires and Tubes,55,74,30
12-07-2016,Tires and Tubes,406,515,2304
12-07-2016,Tires and Tubes,40,52,560
21-07-2016,Tires and Tubes,330,394,960
20-05-2015,Road Bikes,1000,899,3098
01-07-2015,Tires and Tubes,840,931,2033
01-07-2015,Tires and Tubes,150,153,154
04-08-2015,Tires and Tubes,150,168,220
01-10-2015,Tires and Tubes,675,725,2312
01-10-2015,Tires and Tubes,25,24,503
22-10-2015,Tires and Tubes,425,452,1851
22-10-2015,Tires and Tubes,64,70,1580
15-11-2015,Tires and Tubes,140,150,333
19-11-2015,Road Bikes,1701,1711,2205
21-11-2015,Road Bikes,1120,976,1172
21-11-2015,Tires and Tubes,24,29,161
21-11-2015,Tires and Tubes,200,206,810
17-12-2015,Tires and Tubes,4,4,228
17-12-2015,Tires and Tubes,652,717,3261
17-12-2015,Tires and Tubes,60,67,224
18-12-2015,Tires and Tubes,360,416,422
18-12-2015,Tires and Tubes,125,137,879
26-12-2015,Tires and Tubes,104,111,371
26-12-2015,Tires and Tubes,913,948,1644
02-06-2016,Touring Bikes,742,754,59
24-06-2016,Touring Bikes,2384,2411,1379
28-01-2016,Caps,225,302,798
07-02-2016,Caps,18,21,102
17-06-2016,Caps,117,124,69
24-07-2015,Caps,180,231,119
24-09-2015,Caps,216,196,24
24-11-2015,Bike Stands,1590,1772,627
28-08-2015,Mountain Bikes,2295,2149,2008
02-01-2016,Tires and Tubes,630,717,162
02-01-2016,Tires and Tubes,95,112,1873
14-01-2016,Tires and Tubes,300,353,1966
14-01-2016,Tires and Tubes,130,179,2253
09-02-2016,Tires and Tubes,25,33,2521
10-02-2016,Tires and Tubes,560,659,309
10-02-2016,Tires and Tubes,9,13,127
20-04-2016,Tires and Tubes,978,1252,2573
24-04-2016,Tires and Tubes,120,141,282
01-06-2016,Tires and Tubes,390,504,19
01-06-2016,Tires and Tubes,50,60,985
02-07-2016,Tires and Tubes,203,239,410
02-07-2016,Tires and Tubes,75,92,407
02-07-2016,Tires and Tubes,57,75,182
20-07-2015,Tires and Tubes,350,411,2618
20-07-2015,Tires and Tubes,76,87,206
20-07-2015,Tires and Tubes,18,21,38
30-01-2016,Cleaners,191,253,1352
15-07-2015,Cleaners,24,24,252
29-11-2015,Cleaners,119,127,1855
05-07-2015,Cleaners,231,273,537
09-07-2015,Cleaners,56,63,2808
10-08-2015,Cleaners,191,229,20
09-09-2015,Cleaners,111,115,2984
03-11-2015,Cleaners,183,181,31
28-01-2016,Vests,127,154,2266
09-05-2016,Cleaners,56,77,313
16-09-2015,Cleaners,40,44,135
01-02-2016,Tires and Tubes,667,862,2602
01-02-2016,Tires and Tubes,70,94,196
07-02-2016,Road Bikes,1701,1660,2008
13-02-2016,Tires and Tubes,84,100,29
13-02-2016,Tires and Tubes,554,645,199
18-02-2016,Road Bikes,540,622,530
24-02-2016,Tires and Tubes,69,83,298
24-02-2016,Road Bikes,1120,1126,207
24-02-2016,Tires and Tubes,56,74,3242
24-02-2016,Tires and Tubes,450,546,45
27-02-2016,Tires and Tubes,945,1091,382
27-02-2016,Tires and Tubes,55,69,294
31-03-2016,Bike Racks,1320,1734,152
11-04-2016,Tires and Tubes,870,1221,271
11-04-2016,Tires and Tubes,80,97,2346
19-04-2016,Road Bikes,1120,1218,101
21-04-2016,Tires and Tubes,60,71,862
03-05-2016,Road Bikes,540,521,2291
23-05-2016,Tires and Tubes,667,936,628
23-05-2016,Tires and Tubes,115,139,1625
23-05-2016,Tires and Tubes,14,17,702
24-05-2016,Road Bikes,540,549,1820
03-06-2016,Road Bikes,1120,1074,1683
04-06-2015,Road Bikes,783,739,1577
13-07-2015,Tires and Tubes,115,135,187
13-07-2015,Tires and Tubes,140,160,648
28-07-2015,Road Bikes,1120,997,1907
12-08-2015,Road Bikes,1701,1629,900
18-10-2015,Tires and Tubes,735,819,253
18-10-2015,Tires and Tubes,140,164,2823
05-11-2015,Road Bikes,1120,1062,22
06-12-2015,Tires and Tubes,150,153,2953
06-12-2015,Tires and Tubes,70,71,2925
07-12-2015,Tires and Tubes,522,539,1224
07-12-2015,Tires and Tubes,25,29,783
13-12-2015,Tires and Tubes,35,37,454
17-12-2015,Road Bikes,1120,1032,997
18-12-2015,Tires and Tubes,100,112,63
18-12-2015,Tires and Tubes,770,885,217
18-12-2015,Tires and Tubes,23,24,413
28-12-2015,Tires and Tubes,980,1153,369
28-12-2015,Tires and Tubes,5,6,102
02-08-2015,Mountain Bikes,2295,2210,729
25-08-2015,Caps,63,69,95
09-02-2016,Fenders,396,464,119
09-02-2016,Cleaners,16,19,133
27-04-2016,Mountain Bikes,2295,2456,655
20-06-2016,Fenders,593,633,85
06-08-2015,Mountain Bikes,2295,2257,753
06-08-2015,Cleaners,135,164,269
31-08-2015,Cleaners,231,235,637
19-09-2015,Mountain Bikes,2295,2237,9
29-12-2015,Road Bikes,1120,1082,610
28-05-2016,Fenders,528,615,64
21-09-2015,Hydration Packs,1210,1349,2122
21-09-2015,Cleaners,127,140,144
03-01-2016,Tires and Tubes,717,945,2562
10-01-2016,Tires and Tubes,840,1108,738
10-01-2016,Tires and Tubes,35,46,495
14-02-2016,Tires and Tubes,5,7,846
14-02-2016,Tires and Tubes,46,64,2528
19-04-2016,Tires and Tubes,105,146,973
08-07-2016,Tires and Tubes,37,44,367
04-08-2015,Tires and Tubes,100,109,174
04-08-2015,Tires and Tubes,200,207,51
02-12-2015,Tires and Tubes,108,120,181
02-12-2015,Tires and Tubes,587,630,2482
07-12-2015,Tires and Tubes,150,165,60
07-12-2015,Tires and Tubes,420,497,162
16-03-2016,Tires and Tubes,69,88,116
15-04-2016,Tires and Tubes,385,498,435
21-04-2016,Tires and Tubes,88,105,94
21-04-2016,Tires and Tubes,322,424,81
04-05-2016,Tires and Tubes,65,85,239
05-06-2016,Tires and Tubes,25,34,726
19-06-2016,Tires and Tubes,34,42,544
03-07-2016,Tires and Tubes,150,173,1038
29-08-2015,Tires and Tubes,1015,1052,1084
29-08-2015,Tires and Tubes,7,8,593
20-10-2015,Tires and Tubes,595,668,1503
20-10-2015,Tires and Tubes,80,83,3252
18-11-2015,Tires and Tubes,46,51,84
21-11-2015,Tires and Tubes,110,119,239
21-11-2015,Tires and Tubes,105,128,2235
23-11-2015,Tires and Tubes,25,27,299
04-12-2015,Tires and Tubes,20,21,402
04-12-2015,Tires and Tubes,840,850,171
12-12-2015,Tires and Tubes,945,1028,259
16-01-2016,Tires and Tubes,9,10,1141
07-03-2016,Tires and Tubes,50,69,110
27-03-2016,Tires and Tubes,115,148,73
27-03-2016,Tires and Tubes,60,75,794
14-05-2016,Tires and Tubes,135,146,158
14-05-2016,Tires and Tubes,551,746,598
14-05-2016,Tires and Tubes,27,36,636
29-05-2016,Tires and Tubes,5,6,2413
04-06-2016,Tires and Tubes,130,153,1944
04-06-2016,Tires and Tubes,725,973,100
01-07-2016,Tires and Tubes,725,973,227
01-07-2016,Tires and Tubes,100,121,195
22-10-2015,Tires and Tubes,5,6,350
22-10-2015,Tires and Tubes,30,33,75
08-11-2015,Tires and Tubes,85,94,2855
08-11-2015,Tires and Tubes,1015,1090,263
08-11-2015,Tires and Tubes,53,55,14
17-12-2015,Tires and Tubes,16,19,324
17-12-2015,Tires and Tubes,425,469,1883
17-12-2015,Tires and Tubes,46,54,186
05-06-2016,Cleaners,231,288,194
17-01-2016,Mountain Bikes,2295,2211,146
24-01-2016,Mountain Bikes,2320,2242,245
24-04-2016,Road Bikes,1701,1680,57
04-04-2015,Road Bikes,1000,891,208
09-05-2015,Road Bikes,1000,931,2141
16-05-2015,Road Bikes,1000,941,774
22-08-2015,Mountain Bikes,2295,2328,2948
15-11-2015,Mountain Bikes,2320,2106,1296
07-12-2015,Mountain Bikes,769,784,108
20-02-2016,Fenders,220,303,186
20-02-2016,Cleaners,143,173,1065
11-03-2016,Fenders,593,787,1916
13-08-2015,Cleaners,32,38,207
10-11-2015,Cleaners,16,16,68
16-07-2016,Tires and Tubes,815,933,141
25-09-2015,Tires and Tubes,595,685,1352
25-09-2015,Tires and Tubes,120,136,74
25-09-2015,Tires and Tubes,57,68,196
19-11-2015,Tires and Tubes,150,161,113
22-11-2015,Tires and Tubes,46,54,110
03-08-2015,Bike Stands,477,576,75
28-03-2016,Jerseys,900,1029,1510
15-06-2016,Mountain Bikes,2295,2440,7
17-06-2016,Mountain Bikes,2320,2522,275
09-08-2015,Mountain Bikes,2295,2219,1022
09-08-2015,Jerseys,1100,1307,20
24-08-2015,Mountain Bikes,2295,2131,150
07-11-2015,Road Bikes,540,512,1341
24-11-2015,Mountain Bikes,2295,2220,146
24-11-2015,Jerseys,1566,1451,271
26-11-2015,Jerseys,900,926,165
04-08-2015,Mountain Bikes,2320,2280,217
04-08-2015,Bottles and Cages,30,33,1864
04-08-2015,Bottles and Cages,140,163,49
04-08-2015,Hydration Packs,1375,1491,2003
19-03-2016,Helmets,490,583,63
28-03-2016,Helmets,70,87,1262
24-06-2016,Helmets,945,1233,30
24-08-2015,Helmets,980,1106,146
12-09-2015,Helmets,945,1092,76
10-07-2015,Mountain Bikes,2320,2548,59
06-01-2016,Touring Bikes,742,743,1013
21-01-2016,Touring Bikes,742,804,1819
28-01-2016,Touring Bikes,2384,2459,216
26-04-2016,Touring Bikes,742,782,3
09-06-2016,Touring Bikes,2384,2550,942
06-12-2015,Touring Bikes,2384,2168,27
18-12-2015,Touring Bikes,2384,2089,1466
08-07-2015,Mountain Bikes,2320,2506,1898
08-01-2016,Helmets,700,1011,1261
05-06-2016,Bottles and Cages,36,58,136
05-06-2016,Bottles and Cages,70,71,150
05-06-2016,Helmets,840,905,338
31-03-2015,Mountain Bikes,2071,1420,643
09-07-2015,Mountain Bikes,2320,1884,501
09-07-2015,Bottles and Cages,110,95,215
09-07-2015,Bottles and Cages,60,58,183
09-07-2015,Helmets,595,851,945
04-09-2015,Helmets,245,195,70
20-01-2016,Touring Bikes,2384,2720,538
21-05-2016,Touring Bikes,742,786,29
23-07-2015,Mountain Bikes,2320,2007,708
02-10-2015,Mountain Bikes,540,529,100
09-10-2015,Mountain Bikes,769,751,575
30-10-2015,Mountain Bikes,540,551,90
03-07-2015,Mountain Bikes,2320,2726,346
03-07-2015,Bottles and Cages,30,40,465
03-07-2015,Bottles and Cages,35,47,111
03-07-2015,Helmets,560,795,56
10-04-2015,Mountain Bikes,2049,2267,128
29-07-2015,Mountain Bikes,2295,2326,131
30-04-2015,Mountain Bikes,2049,2154,155
06-07-2015,Mountain Bikes,2295,1630,54
06-07-2015,Bottles and Cages,130,157,207
06-07-2015,Bottles and Cages,145,204,1180
06-07-2015,Jerseys,108,100,2028
20-01-2016,Touring Bikes,2384,2414,125
20-01-2016,Tires and Tubes,551,733,24
20-01-2016,Tires and Tubes,70,90,634
20-01-2016,Helmets,105,120,329
24-04-2016,Tires and Tubes,72,92,197
24-04-2016,Helmets,1015,1301,1966
07-07-2015,Mountain Bikes,2295,2169,1671
07-07-2015,Helmets,805,982,1963
07-07-2015,Caps,72,78,2926
03-09-2015,Tires and Tubes,36,41,2001
03-09-2015,Tires and Tubes,172,193,80
13-01-2016,Bottles and Cages,75,90,143
13-01-2016,Bottles and Cages,144,149,882
13-01-2016,Helmets,770,828,424
27-09-2015,Bottles and Cages,130,167,1599
27-09-2015,Bottles and Cages,36,45,172
24-01-2016,Gloves,220,274,33
25-04-2015,Mountain Bikes,2049,1416,1661
04-07-2015,Mountain Bikes,2320,2681,133
04-07-2015,Tires and Tubes,35,36,51
12-08-2015,Tires and Tubes,116,153,753
10-09-2015,Tires and Tubes,840,1045,96
10-09-2015,Tires and Tubes,66,78,748
15-08-2015,Jerseys,200,209,2391
15-08-2015,Socks,126,93,231
02-10-2015,Jerseys,648,772,77
09-01-2016,Jerseys,250,352,621
16-07-2016,Bottles and Cages,90,119,536
16-07-2016,Bottles and Cages,27,39,584
16-07-2016,Jerseys,1188,1818,1182
02-11-2015,Bottles and Cages,81,74,3037
02-11-2015,Bottles and Cages,140,184,54
05-06-2016,Bottles and Cages,90,129,804
05-06-2016,Caps,171,242,1551
05-06-2016,Bottles and Cages,225,371,2842
23-01-2016,Bottles and Cages,35,44,842
23-01-2016,Bottles and Cages,110,145,135
22-02-2016,Bottles and Cages,130,159,487
22-02-2016,Bottles and Cages,50,68,1574
29-03-2016,Bottles and Cages,105,144,41
29-03-2016,Bottles and Cages,45,55,81
07-04-2016,Bottles and Cages,261,359,1532
07-04-2016,Bottles and Cages,110,151,81
05-05-2016,Bottles and Cages,90,121,1222
05-05-2016,Bottles and Cages,145,182,123
15-08-2015,Bottles and Cages,20,22,2534
28-02-2016,Bottles and Cages,72,114,2479
28-02-2016,Bottles and Cages,95,138,397
28-02-2016,Gloves,122,167,193
08-09-2015,Tires and Tubes,40,56,143
08-09-2015,Tires and Tubes,41,56,86
17-10-2015,Tires and Tubes,45,58,2567
17-10-2015,Tires and Tubes,319,418,1495
17-10-2015,Helmets,420,565,2760
17-04-2016,Jerseys,1404,1661,694
01-09-2015,Jerseys,500,709,33
20-04-2015,Mountain Bikes,2071,1555,671
18-08-2015,Mountain Bikes,2320,2729,166
18-08-2015,Bottles and Cages,250,265,94
18-08-2015,Helmets,770,964,1105
07-02-2016,Fenders,352,414,478
07-08-2015,Bottles and Cages,40,55,1026
07-08-2015,Bottles and Cages,10,12,900
07-08-2015,Cleaners,48,68,86
27-11-2015,Bottles and Cages,198,254,1137
27-11-2015,Bottles and Cages,120,170,872
07-05-2015,Mountain Bikes,2049,1566,117
20-08-2015,Mountain Bikes,2295,2323,3344
04-07-2016,Bottles and Cages,75,94,71
04-07-2016,Bottles and Cages,81,87,1072
03-02-2016,Bottles and Cages,162,164,922
03-02-2016,Bottles and Cages,10,12,2626
03-02-2016,Helmets,980,1376,1124
14-03-2016,Bottles and Cages,189,263,1775
14-03-2016,Bottles and Cages,55,72,550
14-03-2016,Helmets,245,232,173
30-04-2016,Helmets,805,740,17
20-05-2016,Helmets,945,1354,1714
26-08-2015,Helmets,350,483,1784
29-08-2015,Helmets,175,214,162
13-12-2015,Helmets,35,45,205
20-05-2016,Tires and Tubes,551,761,626
20-05-2016,Tires and Tubes,25,42,198
26-08-2015,Tires and Tubes,580,778,39
26-08-2015,Tires and Tubes,135,184,604
03-09-2015,Tires and Tubes,27,34,255
30-09-2015,Tires and Tubes,87,106,1857
01-10-2015,Tires and Tubes,174,234,52
01-10-2015,Tires and Tubes,5,7,330
25-10-2015,Tires and Tubes,88,120,2542
25-10-2015,Tires and Tubes,23,30,237
13-12-2015,Tires and Tubes,80,100,1877
13-12-2015,Tires and Tubes,780,1093,232
06-08-2015,Cleaners,48,55,292
08-01-2016,Gloves,637,1008,1422
01-05-2015,Mountain Bikes,2071,1869,160
26-07-2015,Mountain Bikes,2295,2005,4
26-07-2015,Hydration Packs,1320,1295,66
09-09-2015,Helmets,735,587,809
04-07-2015,Hydration Packs,1045,1434,1772
04-07-2015,Caps,270,302,942
04-10-2015,Helmets,700,759,499
05-02-2016,Road Bikes,1701,1442,174
01-05-2015,Mountain Bikes,2071,2599,164
22-07-2015,Mountain Bikes,2320,1737,1618
22-07-2015,Bottles and Cages,120,171,392
22-07-2015,Bottles and Cages,150,196,742
22-07-2015,Caps,18,13,766
22-07-2015,Jerseys,540,368,2207
29-11-2015,Road Bikes,540,411,864
29-11-2015,Tires and Tubes,64,80,2175
29-11-2015,Tires and Tubes,41,57,2642
06-02-2016,Tires and Tubes,365,587,2050
14-08-2015,Tires and Tubes,522,667,1252
14-08-2015,Tires and Tubes,150,195,456
03-09-2015,Tires and Tubes,350,486,1404
03-09-2015,Tires and Tubes,20,27,1407
27-09-2015,Tires and Tubes,55,73,724
27-09-2015,Tires and Tubes,16,21,1483
10-12-2015,Tires and Tubes,780,1037,1350
10-12-2015,Tires and Tubes,80,110,3310
02-10-2015,Jerseys,216,307,1650
25-12-2015,Jerseys,1458,2022,310
19-02-2016,Mountain Bikes,769,995,1555
21-05-2015,Mountain Bikes,2049,1717,654
01-08-2015,Mountain Bikes,2320,2460,2102
01-08-2015,Tires and Tubes,75,60,733
01-08-2015,Tires and Tubes,980,1221,241
01-08-2015,Helmets,70,71,65
24-02-2016,Helmets,525,672,147
10-03-2016,Tires and Tubes,80,101,10
10-03-2016,Tires and Tubes,75,92,1099
10-03-2016,Tires and Tubes,60,83,653
05-06-2016,Tires and Tubes,551,798,33
05-06-2016,Tires and Tubes,27,31,601
14-07-2015,Helmets,700,976,156
08-08-2015,Tires and Tubes,385,335,68
08-08-2015,Helmets,875,986,168
18-08-2015,Helmets,490,712,237
13-11-2015,Tires and Tubes,290,367,1956
13-11-2015,Tires and Tubes,130,180,555
13-11-2015,Tires and Tubes,37,37,694
30-12-2015,Helmets,805,900,1601
05-02-2016,Gloves,245,403,335
13-04-2016,Touring Bikes,2384,2844,48
13-04-2016,Caps,162,229,250
20-04-2016,Helmets,630,919,91
12-08-2015,Mountain Bikes,2295,2705,51
12-08-2015,Bottles and Cages,20,28,362
12-08-2015,Bottles and Cages,20,28,101
12-08-2015,Helmets,980,1205,187
11-10-2015,Road Bikes,1701,1755,1011
11-10-2015,Helmets,1050,1416,1046
11-10-2015,Caps,135,169,102
21-10-2015,Road Bikes,2443,2927,819
01-02-2016,Touring Bikes,742,794,232
08-03-2016,Vests,826,991,881
17-02-2016,Bottles and Cages,140,225,48
17-02-2016,Bottles and Cages,144,195,666
11-05-2015,Mountain Bikes,2049,2098,37
06-08-2015,Mountain Bikes,2295,1859,554
06-08-2015,Helmets,280,418,491
06-11-2015,Road Bikes,540,444,46
06-11-2015,Bottles and Cages,108,97,95
01-02-2016,Road Bikes,540,786,419
01-02-2016,Bottles and Cages,9,14,15
18-02-2016,Touring Bikes,2384,1986,21
04-05-2016,Touring Bikes,742,808,34
04-05-2016,Bottles and Cages,5,5,498
04-05-2016,Bottles and Cages,54,86,1948
17-06-2016,Touring Bikes,2384,2083,100
08-05-2015,Mountain Bikes,2049,2435,288
15-07-2015,Mountain Bikes,2320,1492,1061
04-12-2015,Mountain Bikes,540,487,2466
04-12-2015,Bottles and Cages,180,151,58
04-12-2015,Caps,171,272,123
19-06-2016,Tires and Tubes,120,190,320
19-06-2016,Helmets,700,1123,1459
24-06-2016,Helmets,770,1267,195
13-12-2015,Tires and Tubes,150,192,18
13-12-2015,Tires and Tubes,450,601,1221
13-12-2015,Helmets,420,552,3260
13-09-2015,Bike Stands,795,817,246
06-05-2016,Road Bikes,540,594,32
06-05-2016,Caps,216,295,119
30-06-2016,Caps,261,288,39
12-06-2015,Road Bikes,2443,2205,92
27-06-2015,Road Bikes,2443,2328,2239
12-08-2015,Road Bikes,2443,2230,107
22-04-2016,Touring Bikes,2384,2794,106
22-04-2016,Caps,162,239,809
21-07-2015,Road Bikes,540,563,2415
28-08-2015,Mountain Bikes,2295,2757,810
28-12-2015,Road Bikes,1701,1984,25
28-12-2015,Hydration Packs,605,858,616
02-01-2016,Caps,207,260,118
20-02-2016,Caps,108,173,722
12-08-2015,Caps,234,287,1921
14-09-2015,Caps,207,267,143
23-10-2015,Caps,180,251,768
22-04-2016,Touring Bikes,2384,3161,643
24-04-2016,Touring Bikes,2384,3184,1271
12-03-2016,Touring Bikes,2384,3681,41
12-03-2016,Bottles and Cages,95,99,526
12-03-2016,Bottles and Cages,72,67,286
12-03-2016,Helmets,945,1351,116
03-06-2016,Road Bikes,540,701,89
03-06-2016,Bottles and Cages,243,419,447
03-06-2016,Bottles and Cages,150,152,122
03-06-2016,Helmets,630,998,59
21-06-2016,Mountain Bikes,565,519,44
21-06-2016,Jerseys,1458,1509,643
26-06-2016,Touring Bikes,2384,2567,1379
26-06-2016,Tires and Tubes,551,835,8
26-06-2016,Tires and Tubes,10,14,525
26-06-2016,Cleaners,80,72,70
17-06-2015,Mountain Bikes,2071,2386,100
29-08-2015,Mountain Bikes,2295,2709,73
29-08-2015,Helmets,805,952,102
20-09-2015,Helmets,770,1032,551
20-09-2015,Jerseys,150,200,1072
30-03-2016,Road Bikes,1701,2113,51
30-03-2016,Bottles and Cages,45,64,252
30-03-2016,Bottles and Cages,144,224,1492
30-03-2016,Helmets,385,636,630
02-04-2016,Touring Bikes,2384,3455,142
02-04-2016,Bottles and Cages,145,231,337
02-04-2016,Bottles and Cages,27,39,974
11-09-2015,Mountain Bikes,2295,2901,853
11-09-2015,Tires and Tubes,525,739,580
11-09-2015,Helmets,70,90,2652
11-03-2016,Touring Bikes,2384,2754,1518
11-03-2016,Helmets,35,54,483
11-03-2016,Jerseys,1050,826,1958
01-06-2016,Road Bikes,540,567,272
01-06-2016,Bottles and Cages,153,146,1842
01-06-2016,Bottles and Cages,65,112,82
27-06-2016,Mountain Bikes,565,862,182
27-06-2016,Fenders,506,471,2593
27-06-2016,Helmets,945,1113,878
13-06-2015,Mountain Bikes,2071,2247,2549
16-08-2015,Mountain Bikes,2320,1620,622
16-08-2015,Bottles and Cages,260,214,37
04-11-2015,Touring Bikes,1215,1520,2147
04-11-2015,Tires and Tubes,85,101,1683
04-11-2015,Tires and Tubes,464,494,1191
04-11-2015,Helmets,1050,1307,745
29-01-2016,Touring Bikes,1215,1284,554
29-01-2016,Jerseys,1188,1493,1646
16-02-2016,Road Bikes,2443,2687,1753
17-03-2016,Touring Bikes,2384,3234,2557
05-06-2015,Mountain Bikes,2049,1555,2227
05-07-2015,Touring Bikes,2384,2685,221
05-07-2015,Bottles and Cages,144,192,1772
05-07-2015,Bottles and Cages,45,46,2008
05-07-2015,Helmets,980,1035,479
05-07-2015,Caps,9,10,85
05-07-2015,Road Bikes,2443,2516,36
29-09-2015,Mountain Bikes,2320,1812,257
02-12-2015,Touring Bikes,2384,2078,80
02-12-2015,Helmets,385,384,129
31-12-2015,Mountain Bikes,2295,2696,155
31-12-2015,Bottles and Cages,50,69,46
31-12-2015,Bottles and Cages,50,70,98
29-03-2016,Jerseys,500,627,25
30-03-2016,Jerseys,1400,1905,66
26-05-2016,Jerseys,900,1049,61
23-09-2015,Jerseys,850,821,351
15-10-2015,Jerseys,1566,1719,408
30-10-2015,Jerseys,54,63,680
23-11-2015,Jerseys,1026,1216,58
21-06-2016,Jerseys,540,691,74
27-05-2016,Helmets,350,521,495
09-08-2015,Helmets,210,285,218
24-02-2016,Touring Bikes,2384,1696,389
31-03-2016,Road Bikes,2443,2838,617
22-04-2016,Touring Bikes,2384,3345,41
02-06-2015,Mountain Bikes,2071,2737,184
11-07-2015,Road Bikes,2443,3095,110
26-07-2015,Touring Bikes,2384,2615,600
09-09-2015,Touring Bikes,742,997,214
17-09-2015,Mountain Bikes,2295,1576,16
08-12-2015,Mountain Bikes,2320,2414,1156
28-09-2015,Jerseys,648,868,108
25-08-2015,Mountain Bikes,2295,2486,573
18-11-2015,Jerseys,1512,1686,867
04-12-2015,Caps,144,210,22
04-12-2015,Jerseys,54,50,359
31-12-2015,Jerseys,200,255,168
29-03-2016,Gloves,73,87,45
14-01-2016,Helmets,210,292,16
18-01-2016,Helmets,910,1500,102
28-03-2016,Helmets,595,953,549
06-04-2016,Helmets,245,397,509
12-05-2016,Helmets,980,1437,1110
07-09-2015,Helmets,980,1297,600
23-09-2015,Helmets,140,199,126
28-12-2015,Helmets,70,90,120
08-06-2015,Mountain Bikes,2071,2211,21
26-08-2015,Mountain Bikes,2295,2008,574
26-08-2015,Tires and Tubes,630,595,1897
26-08-2015,Tires and Tubes,30,38,417
26-08-2015,Tires and Tubes,69,71,697
26-08-2015,Cleaners,80,111,1865
25-11-2015,Road Bikes,540,563,83
25-11-2015,Bottles and Cages,15,20,104
25-11-2015,Bottles and Cages,243,228,657
26-01-2016,Road Bikes,540,770,150
26-01-2016,Bottles and Cages,126,129,82
26-01-2016,Bottles and Cages,65,102,1396
10-08-2015,Bottles and Cages,75,72,486
10-08-2015,Bottles and Cages,200,222,214
20-07-2015,Mountain Bikes,2295,2813,7
27-05-2016,Helmets,385,606,1026
17-06-2016,Jerseys,1350,1633,3179
07-08-2015,Jerseys,1050,1267,430
08-08-2015,Jerseys,972,1258,148
19-08-2015,Jerseys,486,334,24
06-10-2015,Jerseys,1242,970,317
23-08-2015,Mountain Bikes,2320,2344,820
23-08-2015,Helmets,595,818,1225
17-02-2016,Cleaners,143,174,2042
03-06-2016,Cleaners,159,217,673
08-10-2015,Cleaners,175,190,2271
10-06-2016,Tires and Tubes,41,52,15
27-11-2015,Tires and Tubes,980,1037,227
02-11-2015,Tires and Tubes,27,30,1562
04-11-2015,Tires and Tubes,70,81,415
04-11-2015,Tires and Tubes,70,79,59
04-11-2015,Tires and Tubes,44,43,2325
30-01-2016,Bike Stands,1590,1778,56
29-04-2016,Cleaners,87,115,89
13-07-2016,Tires and Tubes,945,1155,518
15-11-2015,Tires and Tubes,57,59,2650
08-04-2015,Mountain Bikes,2049,2123,268
16-09-2015,Mountain Bikes,2295,2004,85
16-09-2015,Socks,225,216,2762
11-02-2016,Jerseys,1050,1220,1636
20-03-2016,Jerseys,324,377,88
23-06-2016,Jerseys,378,549,129
07-12-2015,Jerseys,300,230,757
14-01-2016,Jerseys,1566,1772,2658
08-08-2015,Jerseys,500,543,1185
02-09-2015,Jerseys,600,552,120
13-09-2015,Jerseys,162,147,258
02-09-2015,Jerseys,864,1191,1004
09-11-2015,Helmets,630,691,25
09-11-2015,Helmets,385,419,610
01-01-2016,Jerseys,216,243,86
01-03-2016,Jerseys,350,477,593
05-06-2016,Jerseys,486,566,194
17-08-2015,Jerseys,850,900,31
21-10-2015,Jerseys,1566,1746,50
21-01-2016,Tires and Tubes,72,71,593
21-01-2016,Caps,234,309,702
22-01-2016,Tires and Tubes,696,1080,343
22-01-2016,Tires and Tubes,60,82,638
22-01-2016,Helmets,560,872,3173
21-02-2016,Tires and Tubes,104,164,2078
21-02-2016,Helmets,595,790,908
21-02-2016,Caps,144,189,370
21-02-2016,Jerseys,350,302,110
01-03-2016,Tires and Tubes,85,136,155
01-03-2016,Helmets,630,633,234
13-03-2016,Tires and Tubes,116,107,573
21-04-2016,Tires and Tubes,145,214,79
21-04-2016,Helmets,980,901,2670
21-04-2016,Caps,144,155,504
25-04-2016,Gloves,514,887,2072
25-04-2016,Tires and Tubes,15,23,458
30-04-2016,Tires and Tubes,150,193,16
30-04-2016,Tires and Tubes,16,15,953
14-05-2016,Tires and Tubes,645,794,880
14-05-2016,Caps,90,101,2210
15-05-2016,Tires and Tubes,193,161,1943
15-05-2016,Tires and Tubes,4,6,1597
07-06-2016,Tires and Tubes,116,129,732
07-06-2016,Tires and Tubes,86,127,1766
10-07-2016,Tires and Tubes,609,718,90
10-07-2016,Tires and Tubes,75,74,111
10-07-2016,Tires and Tubes,53,89,686
01-08-2015,Tires and Tubes,90,98,259
01-08-2015,Jerseys,1400,1130,2083
09-08-2015,Tires and Tubes,435,623,909
09-08-2015,Tires and Tubes,10,10,1402
09-08-2015,Tires and Tubes,60,48,19
09-08-2015,Bike Stands,795,1078,527
24-08-2015,Tires and Tubes,551,722,382
24-08-2015,Tires and Tubes,25,36,2080
24-08-2015,Tires and Tubes,46,60,627
08-09-2015,Tires and Tubes,21,24,311
29-09-2015,Tires and Tubes,258,267,6
29-09-2015,Tires and Tubes,36,29,743
29-09-2015,Tires and Tubes,16,17,352
01-10-2015,Bottles and Cages,135,105,76
01-10-2015,Bottles and Cages,125,170,724
05-10-2015,Tires and Tubes,35,32,41
05-10-2015,Tires and Tubes,62,80,691
05-10-2015,Tires and Tubes,90,104,488
05-10-2015,Helmets,560,788,646
17-10-2015,Tires and Tubes,100,121,823
17-10-2015,Tires and Tubes,9,12,1272
29-11-2015,Tires and Tubes,20,26,2084
30-11-2015,Tires and Tubes,130,121,158
30-11-2015,Helmets,385,476,1640
09-12-2015,Tires and Tubes,638,759,42
09-12-2015,Tires and Tubes,25,21,1269
09-12-2015,Helmets,945,1338,96
12-12-2015,Tires and Tubes,261,371,401
12-12-2015,Tires and Tubes,115,137,2882
12-12-2015,Tires and Tubes,14,12,520
16-09-2015,Jerseys,54,70,2879
01-01-2016,Helmets,595,759,595
09-01-2016,Helmets,980,1222,155
08-02-2016,Helmets,105,127,1337
01-03-2016,Helmets,105,137,6
11-03-2016,Helmets,525,715,114
23-05-2016,Helmets,175,218,977
03-08-2015,Helmets,490,553,155
31-10-2015,Helmets,735,905,225
30-11-2015,Helmets,35,39,97
11-12-2015,Helmets,280,292,2140
23-12-2015,Helmets,245,295,58
15-04-2016,Mountain Bikes,769,1006,460
15-09-2015,Mountain Bikes,2320,2606,2820
01-05-2016,Mountain Bikes,2320,2188,2043
15-06-2015,Mountain Bikes,2071,2592,242
21-09-2015,Mountain Bikes,2295,2697,116
21-09-2015,Tires and Tubes,44,32,144
12-06-2015,Mountain Bikes,2071,2377,1612
09-09-2015,Mountain Bikes,2320,1774,2544
09-09-2015,Caps,90,76,50
18-06-2015,Mountain Bikes,2071,2040,155
24-09-2015,Mountain Bikes,2295,2783,738
04-10-2015,Mountain Bikes,769,553,2613
24-06-2015,Mountain Bikes,2049,2328,697
13-09-2015,Mountain Bikes,2295,1803,1229
02-06-2015,Mountain Bikes,2071,1349,2713
02-06-2015,Mountain Bikes,2049,1605,176
13-09-2015,Mountain Bikes,2320,2205,59
13-09-2015,Bottles and Cages,100,86,952
13-09-2015,Bottles and Cages,5,7,1483
13-11-2015,Mountain Bikes,2320,2093,814
18-10-2015,Helmets,105,107,2071
10-01-2016,Caps,18,24,2312
28-03-2016,Caps,45,55,3137
24-06-2015,Mountain Bikes,2071,1718,36
10-10-2015,Mountain Bikes,2295,2272,289
02-06-2015,Mountain Bikes,2049,2075,1363
11-10-2015,Mountain Bikes,2295,2122,1221
11-10-2015,Tires and Tubes,350,321,1295
11-10-2015,Tires and Tubes,5,4,1832
11-10-2015,Bike Stands,636,774,386
01-12-2015,Tires and Tubes,330,280,1788
01-12-2015,Tires and Tubes,11,9,1914
24-11-2015,Bottles and Cages,120,153,853
24-11-2015,Bottles and Cages,135,168,1160
06-02-2015,Mountain Bikes,2049,1681,2476
22-11-2015,Mountain Bikes,769,622,51
24-11-2015,Mountain Bikes,2295,2552,84
18-03-2016,Tires and Tubes,90,121,272
13-11-2015,Mountain Bikes,2295,1854,1757
13-11-2015,Tires and Tubes,50,54,516
21-12-2015,Mountain Bikes,2320,2660,558
21-12-2015,Bottles and Cages,240,330,874
18-02-2016,Helmets,315,462,658
18-02-2016,Jerseys,378,520,1718
02-07-2016,Helmets,700,1059,16
08-07-2016,Helmets,840,861,1803
07-07-2016,Tires and Tubes,45,73,22
25-09-2015,Mountain Bikes,2320,2646,1866
25-09-2015,Tires and Tubes,805,1111,113
25-09-2015,Tires and Tubes,60,82,146
14-12-2015,Mountain Bikes,2320,2031,326
14-12-2015,Bottles and Cages,60,78,747
14-12-2015,Bottles and Cages,60,75,2779
14-12-2015,Helmets,245,261,2336
14-12-2015,Caps,216,192,366
07-11-2015,Helmets,455,563,93
09-12-2015,Mountain Bikes,2295,2525,2600
09-12-2015,Bottles and Cages,190,291,2681
09-12-2015,Bottles and Cages,95,73,117
09-12-2015,Caps,189,166,138
09-12-2015,Helmets,560,773,2414
11-01-2016,Helmets,490,729,947
18-05-2016,Helmets,560,888,565
10-04-2016,Touring Bikes,2384,2308,731
18-04-2016,Touring Bikes,2384,2527,518
13-09-2015,Caps,45,53,95
01-09-2015,Mountain Bikes,2295,2699,2095
22-05-2016,Road Bikes,540,584,694
15-12-2015,Caps,144,147,22
30-12-2015,Mountain Bikes,2320,2001,128
30-12-2015,Caps,162,226,1006
12-12-2015,Mountain Bikes,2320,1746,96
12-12-2015,Bottles and Cages,190,238,93
12-12-2015,Bottles and Cages,95,71,51
15-06-2016,Helmets,595,1010,174
21-01-2016,Touring Bikes,742,826,1532
26-05-2016,Touring Bikes,2384,2627,1695
11-03-2015,Road Bikes,783,864,2791
11-09-2015,Road Bikes,1120,941,2228
31-12-2015,Mountain Bikes,2295,2821,580
17-04-2016,Bottles and Cages,100,119,956
27-06-2016,Fenders,418,570,1574
19-10-2015,Bottles and Cages,140,167,992
23-10-2015,Bottles and Cages,40,49,1344
23-10-2015,Bottles and Cages,27,31,2352
28-10-2015,Bottles and Cages,117,146,442
28-10-2015,Bottles and Cages,120,136,117
28-05-2016,Bottles and Cages,115,155,1205
28-05-2016,Bottles and Cages,216,315,98
21-06-2016,Mountain Bikes,2295,3312,2694
14-06-2015,Mountain Bikes,2071,2214,748
01-09-2015,Bottles and Cages,125,174,594
01-09-2015,Bottles and Cages,9,13,1088
26-10-2015,Mountain Bikes,2295,2675,345
26-10-2015,Bottles and Cages,130,158,1395
26-10-2015,Bottles and Cages,15,21,1240
07-10-2015,Bottles and Cages,50,69,130
07-10-2015,Bottles and Cages,115,158,828
21-07-2015,Cleaners,87,92,632
13-05-2016,Jerseys,1050,1156,1309
11-10-2015,Jerseys,1500,1798,1674
15-11-2015,Jerseys,1512,1612,1511
08-12-2015,Jerseys,1200,1204,929
15-12-2015,Jerseys,864,906,108
17-12-2015,Jerseys,350,347,46
02-01-2016,Tires and Tubes,130,145,391
02-01-2016,Tires and Tubes,29,32,59
12-02-2016,Tires and Tubes,600,755,167
12-02-2016,Tires and Tubes,88,103,1235
18-02-2016,Tires and Tubes,537,728,32
18-02-2016,Road Bikes,540,642,154
18-02-2016,Tires and Tubes,40,49,698
18-02-2016,Tires and Tubes,37,45,3009
28-02-2016,Tires and Tubes,48,54,2700
27-03-2016,Tires and Tubes,575,644,72
27-03-2016,Tires and Tubes,112,143,1138
27-03-2016,Tires and Tubes,62,74,173
08-04-2016,Tires and Tubes,232,275,109
25-04-2016,Tires and Tubes,424,553,1983
25-04-2016,Tires and Tubes,30,32,1006
12-05-2016,Tires and Tubes,560,626,93
12-05-2016,Tires and Tubes,120,134,88
28-05-2016,Tires and Tubes,115,135,137
28-05-2016,Tires and Tubes,53,65,753
30-05-2016,Mountain Bikes,769,873,1612
06-06-2016,Tires and Tubes,69,86,276
25-01-2015,Road Bikes,2443,2229,22
01-02-2015,Road Bikes,1000,939,39
14-02-2015,Road Bikes,1000,903,3249
17-06-2015,Mountain Bikes,2071,1827,1583
29-06-2015,Mountain Bikes,2049,2056,2814
03-08-2015,Tires and Tubes,10,11,2426
03-08-2015,Tires and Tubes,638,659,442
10-08-2015,Tires and Tubes,420,475,3151
10-08-2015,Tires and Tubes,150,154,38
13-08-2015,Mountain Bikes,769,738,148
13-08-2015,Tires and Tubes,720,791,1195
13-08-2015,Tires and Tubes,10,11,1949
13-10-2015,Tires and Tubes,690,731,64
13-10-2015,Tires and Tubes,48,50,1002
25-10-2015,Mountain Bikes,2295,2073,2663
25-10-2015,Tires and Tubes,105,113,696
25-10-2015,Tires and Tubes,65,75,159
25-10-2015,Tires and Tubes,848,891,1056
26-10-2015,Mountain Bikes,2320,2139,652
01-11-2015,Mountain Bikes,2320,2214,52
15-11-2015,Tires and Tubes,290,323,128
16-11-2015,Road Bikes,2443,2511,212
16-11-2015,Tires and Tubes,391,396,1468
16-11-2015,Tires and Tubes,80,94,2188
16-11-2015,Tires and Tubes,5,5,1076
19-11-2015,Tires and Tubes,480,493,34
19-11-2015,Tires and Tubes,406,398,179
19-11-2015,Tires and Tubes,60,72,2443
05-12-2015,Mountain Bikes,2320,2219,3284
17-12-2015,Mountain Bikes,769,672,477
27-12-2015,Tires and Tubes,250,272,2581
27-12-2015,Tires and Tubes,145,161,699
29-12-2015,Mountain Bikes,769,659,113
03-01-2016,Tires and Tubes,45,55,116
05-01-2016,Cleaners,64,84,578
05-01-2016,Tires and Tubes,62,79,3160
18-03-2016,Tires and Tubes,115,143,76
12-05-2016,Tires and Tubes,64,87,14
12-05-2016,Tires and Tubes,28,36,1922
06-06-2016,Jerseys,200,256,2327
13-06-2016,Tires and Tubes,88,107,56
13-06-2016,Tires and Tubes,50,70,720
19-06-2016,Tires and Tubes,7,8,2123
19-06-2016,Tires and Tubes,5,6,1328
28-08-2015,Tires and Tubes,30,34,244
28-08-2015,Tires and Tubes,420,517,574
23-10-2015,Tires and Tubes,60,68,50
23-10-2015,Tires and Tubes,175,199,1426
23-10-2015,Jerseys,50,49,42
06-07-2016,Gloves,49,60,25
24-09-2015,Jerseys,650,723,533
06-10-2015,Jerseys,650,682,179
18-10-2015,Jerseys,702,788,1102
08-02-2016,Tires and Tubes,135,176,427
08-02-2016,Tires and Tubes,39,54,80
18-02-2016,Tires and Tubes,110,133,812
22-02-2016,Tires and Tubes,75,104,171
12-03-2016,Cleaners,87,94,529
14-03-2016,Tires and Tubes,105,116,9
14-03-2016,Tires and Tubes,70,89,198
14-03-2016,Tires and Tubes,35,46,63
16-03-2016,Tires and Tubes,129,158,40
16-03-2016,Tires and Tubes,25,31,135
19-03-2016,Tires and Tubes,135,144,42
19-03-2016,Tires and Tubes,53,62,1065
19-03-2016,Tires and Tubes,32,42,1615
20-03-2016,Tires and Tubes,76,83,209
26-03-2016,Tires and Tubes,16,20,468
01-04-2016,Cleaners,103,130,2088
01-04-2016,Tires and Tubes,25,29,210
07-04-2016,Tires and Tubes,70,77,14
07-04-2016,Tires and Tubes,27,31,3419
21-05-2016,Tires and Tubes,69,86,9
21-05-2016,Tires and Tubes,56,63,85
04-06-2016,Tires and Tubes,100,120,24
05-07-2016,Tires and Tubes,25,28,165
05-07-2016,Tires and Tubes,5,6,98
15-07-2016,Tires and Tubes,2,3,2125
30-07-2016,Tires and Tubes,100,115,1007
24-08-2015,Tires and Tubes,16,19,1081
24-08-2015,Tires and Tubes,196,186,261
25-08-2015,Tires and Tubes,105,122,186
25-08-2015,Tires and Tubes,35,39,47
25-08-2015,Tires and Tubes,14,15,92
27-08-2015,Tires and Tubes,464,488,329
12-11-2015,Tires and Tubes,95,94,430
12-11-2015,Tires and Tubes,280,319,176
26-11-2015,Tires and Tubes,95,109,261
26-11-2015,Tires and Tubes,175,180,104
15-12-2015,Tires and Tubes,200,229,447
15-12-2015,Tires and Tubes,62,65,256
07-01-2016,Caps,153,160,291
25-12-2015,Caps,54,55,105
09-05-2016,Road Bikes,1120,1113,443
09-05-2016,Helmets,420,546,182
15-05-2016,Road Bikes,1120,1090,663
03-06-2016,Helmets,280,342,349
10-01-2015,Road Bikes,783,719,670
01-02-2015,Road Bikes,2443,1979,296
17-07-2015,Road Bikes,540,508,34
19-08-2015,Helmets,910,896,725
26-08-2015,Road Bikes,540,555,2167
26-08-2015,Helmets,175,178,547
03-12-2015,Helmets,245,260,1338
03-12-2015,Road Bikes,540,496,127
03-12-2015,Helmets,420,511,901
04-12-2015,Helmets,875,997,578
20-12-2015,Road Bikes,540,513,282
18-01-2016,Jerseys,850,990,1543
18-01-2016,Caps,153,176,81
14-02-2016,Jerseys,200,244,17
21-02-2016,Caps,252,344,529
27-04-2016,Caps,36,46,1381
19-07-2015,Jerseys,400,400,518
03-08-2015,Jerseys,810,834,22
16-08-2015,Caps,234,276,55
04-09-2015,Caps,180,187,856
04-09-2015,Jerseys,756,870,880
09-11-2015,Jerseys,850,891,959
21-02-2016,Jerseys,756,856,193
11-06-2016,Tires and Tubes,1050,1234,27
11-06-2016,Tires and Tubes,53,71,32
09-08-2015,Mountain Bikes,2320,2094,778
09-08-2015,Tires and Tubes,64,80,810
08-09-2015,Caps,162,178,1862
07-02-2016,Caps,171,196,237
26-02-2016,Caps,153,196,127
15-06-2016,Caps,225,261,650
10-01-2016,Road Bikes,540,620,730
27-01-2016,Mountain Bikes,2295,2151,143
07-03-2016,Caps,198,221,1897
08-03-2016,Caps,18,23,623
31-03-2016,Mountain Bikes,2320,2830,4
13-04-2016,Caps,27,35,45
30-04-2016,Mountain Bikes,2320,2615,1401
09-05-2016,Mountain Bikes,2320,2413,155
18-05-2016,Road Bikes,1701,1914,261
27-05-2016,Mountain Bikes,2295,2681,1928
29-05-2016,Mountain Bikes,2320,2605,119
24-06-2016,Mountain Bikes,2295,2372,168
24-06-2016,Caps,189,209,406
03-04-2015,Road Bikes,2182,1863,2267
09-04-2015,Road Bikes,2182,1987,1826
09-04-2015,Road Bikes,2182,2138,749
24-04-2015,Road Bikes,2182,2124,1010
02-05-2015,Road Bikes,783,745,2019
11-05-2015,Road Bikes,1000,848,1710
18-08-2015,Mountain Bikes,2295,2235,231
18-08-2015,Caps,63,61,219
24-09-2015,Mountain Bikes,769,651,344
05-10-2015,Mountain Bikes,2320,2261,150
22-10-2015,Caps,99,99,281
28-10-2015,Mountain Bikes,2295,2087,904
05-11-2015,Mountain Bikes,2295,2004,87
22-11-2015,Mountain Bikes,565,505,306
05-12-2015,Mountain Bikes,2295,2045,131
15-12-2015,Mountain Bikes,2295,2175,1425
28-12-2015,Mountain Bikes,2295,2215,63
03-01-2016,Tires and Tubes,70,93,1398
03-01-2016,Caps,27,34,1164
10-01-2016,Tires and Tubes,52,68,679
10-01-2016,Tires and Tubes,650,805,1520
11-01-2016,Tires and Tubes,700,879,79
11-01-2016,Tires and Tubes,145,173,246
11-01-2016,Helmets,1015,1349,28
21-01-2016,Helmets,525,635,1029
21-01-2016,Jerseys,300,337,1516
23-01-2016,Tires and Tubes,15,19,2
29-01-2016,Helmets,70,80,37
06-02-2016,Tires and Tubes,525,661,224
06-02-2016,Tires and Tubes,108,133,64
17-02-2016,Tires and Tubes,675,864,787
17-02-2016,Tires and Tubes,9,11,31
27-02-2016,Caps,63,85,1316
03-03-2016,Helmets,315,381,689
05-03-2016,Jerseys,1350,1829,114
14-03-2016,Jerseys,1350,1759,30
26-03-2016,Tires and Tubes,120,159,743
26-03-2016,Tires and Tubes,15,20,1534
02-04-2016,Tires and Tubes,30,35,466
02-04-2016,Tires and Tubes,57,70,168
03-04-2016,Helmets,175,234,12
06-04-2016,Jerseys,1458,1834,2055
06-04-2016,Helmets,140,170,162
06-04-2016,Tires and Tubes,120,152,2932
06-04-2016,Tires and Tubes,490,670,1964
14-04-2016,Tires and Tubes,100,122,643
14-04-2016,Tires and Tubes,210,266,543
14-04-2016,Helmets,315,366,312
25-04-2016,Helmets,420,499,155
26-04-2016,Tires and Tubes,406,550,1039
26-04-2016,Tires and Tubes,130,165,103
26-04-2016,Helmets,385,492,1603
01-05-2016,Jerseys,54,70,417
03-05-2016,Caps,81,94,2329
06-05-2016,Tires and Tubes,130,169,188
06-05-2016,Tires and Tubes,377,437,204
18-05-2016,Jerseys,540,719,805
25-05-2016,Tires and Tubes,560,662,54
25-05-2016,Tires and Tubes,20,26,38
25-05-2016,Tires and Tubes,9,11,1155
26-05-2016,Tires and Tubes,210,274,947
29-05-2016,Tires and Tubes,450,539,1150
29-05-2016,Tires and Tubes,100,124,19
30-05-2016,Tires and Tubes,85,106,849
30-05-2016,Tires and Tubes,261,310,54
30-05-2016,Tires and Tubes,100,133,1225
30-05-2016,Helmets,70,86,338
05-06-2016,Jerseys,702,876,262
06-06-2016,Tires and Tubes,25,33,131
06-06-2016,Helmets,665,826,1834
11-06-2016,Tires and Tubes,550,622,1392
11-06-2016,Tires and Tubes,23,28,762
19-06-2016,Tires and Tubes,420,466,1055
19-06-2016,Tires and Tubes,140,179,3382
19-06-2016,Tires and Tubes,25,30,117
21-06-2016,Tires and Tubes,810,939,107
21-06-2016,Tires and Tubes,55,59,132
22-06-2016,Tires and Tubes,11,13,211
22-06-2016,Tires and Tubes,36,45,1682
22-06-2016,Tires and Tubes,815,1041,1803
22-06-2016,Jerseys,864,1018,335
22-06-2016,Caps,180,219,640
23-06-2016,Tires and Tubes,228,283,1825
23-06-2016,Tires and Tubes,28,35,2807
23-06-2016,Helmets,455,627,442
28-07-2016,Tires and Tubes,275,316,109
28-07-2016,Tires and Tubes,37,45,862
06-08-2015,Jerseys,54,52,249
06-08-2015,Caps,216,246,662
17-08-2015,Caps,261,249,1638
22-08-2015,Tires and Tubes,301,349,651
22-08-2015,Tires and Tubes,27,32,1789
02-09-2015,Tires and Tubes,35,36,174
09-09-2015,Tires and Tubes,1015,1012,133
17-09-2015,Jerseys,1350,1301,249
14-10-2015,Caps,135,160,2810
26-10-2015,Jerseys,486,566,898
29-10-2015,Tires and Tubes,90,99,1920
29-10-2015,Tires and Tubes,700,787,460
01-11-2015,Caps,243,245,1127
03-11-2015,Tires and Tubes,319,389,1377
05-11-2015,Tires and Tubes,315,353,1862
05-11-2015,Tires and Tubes,50,49,822
05-11-2015,Helmets,770,876,141
08-11-2015,Jerseys,1050,1038,44
08-11-2015,Caps,54,51,29
19-11-2015,Helmets,350,370,172
20-11-2015,Tires and Tubes,696,760,1654
20-11-2015,Caps,234,262,223
20-11-2015,Tires and Tubes,75,94,186
22-11-2015,Helmets,35,37,1446
30-11-2015,Jerseys,100,132,1930
02-12-2015,Helmets,350,394,174
11-12-2015,Tires and Tubes,140,160,2614
11-12-2015,Tires and Tubes,145,153,244
11-12-2015,Helmets,420,454,1658
11-12-2015,Tires and Tubes,35,38,701
11-12-2015,Helmets,420,467,2515
16-12-2015,Tires and Tubes,110,111,744
18-12-2015,Tires and Tubes,9,10,2457
18-12-2015,Jerseys,810,910,113
21-12-2015,Tires and Tubes,92,101,780
21-12-2015,Tires and Tubes,196,221,5
21-12-2015,Helmets,105,119,84
25-12-2015,Tires and Tubes,360,371,69
25-12-2015,Tires and Tubes,64,65,39
25-12-2015,Jerseys,702,714,241
27-12-2015,Tires and Tubes,660,639,1373
25-11-2015,Hydration Packs,1430,1493,643
04-01-2016,Tires and Tubes,245,317,82
04-01-2016,Tires and Tubes,595,783,639
04-01-2016,Tires and Tubes,27,33,367
21-01-2016,Caps,243,275,1813
05-02-2016,Tires and Tubes,100,129,134
23-02-2016,Tires and Tubes,75,102,68
25-02-2016,Tires and Tubes,68,87,97
25-02-2016,Tires and Tubes,473,578,191
01-03-2016,Jerseys,270,334,1416
17-03-2016,Tires and Tubes,27,35,713
24-03-2016,Tires and Tubes,129,152,29
24-03-2016,Caps,162,208,59
23-04-2016,Jerseys,1350,1739,133
27-04-2016,Caps,27,34,399
05-05-2016,Caps,225,265,62
17-05-2016,Tires and Tubes,735,932,108
17-05-2016,Tires and Tubes,125,154,540
21-05-2016,Tires and Tubes,630,783,452
21-05-2016,Tires and Tubes,15,20,2206
26-05-2016,Jerseys,540,660,1312
26-05-2016,Caps,144,209,472
14-06-2016,Tires and Tubes,1050,1247,795
19-06-2016,Jerseys,594,726,1744
19-06-2016,Caps,126,136,724
23-06-2016,Caps,135,162,525
25-06-2016,Tires and Tubes,25,34,337
26-06-2016,Tires and Tubes,23,28,106
27-06-2016,Tires and Tubes,105,146,49
28-06-2016,Tires and Tubes,80,100,1431
28-06-2016,Tires and Tubes,525,641,730
28-06-2016,Jerseys,900,1163,44
29-06-2016,Caps,216,263,8
02-07-2016,Jerseys,756,986,850
04-07-2016,Tires and Tubes,20,26,38
04-07-2016,Tires and Tubes,39,48,64
16-07-2016,Caps,36,40,1079
30-07-2016,Tires and Tubes,80,107,74
30-07-2016,Tires and Tubes,86,104,216
05-07-2015,Tires and Tubes,72,69,2443
05-07-2015,Tires and Tubes,489,491,373
09-07-2015,Tires and Tubes,25,26,947
10-08-2015,Tires and Tubes,55,65,708
20-08-2015,Jerseys,150,146,2568
22-08-2015,Jerseys,648,820,165
09-09-2015,Tires and Tubes,90,92,1009
28-09-2015,Jerseys,1200,1192,765
08-10-2015,Tires and Tubes,120,133,51
08-10-2015,Tires and Tubes,1015,1195,59
08-10-2015,Tires and Tubes,11,13,524
03-11-2015,Tires and Tubes,280,283,1650
03-11-2015,Tires and Tubes,55,56,921
07-11-2015,Tires and Tubes,4,5,1116
07-11-2015,Tires and Tubes,782,850,787
07-11-2015,Tires and Tubes,37,38,997
15-11-2015,Tires and Tubes,95,102,939
15-11-2015,Tires and Tubes,350,352,767
16-11-2015,Tires and Tubes,560,610,2725
28-11-2015,Caps,270,289,980
20-12-2015,Tires and Tubes,500,530,1439
20-12-2015,Tires and Tubes,41,45,1546
21-12-2015,Tires and Tubes,280,316,923
15-04-2016,Vests,1842,2450,1446
30-06-2016,Vests,953,1335,139
13-04-2016,Tires and Tubes,350,435,45
13-04-2016,Tires and Tubes,5,6,606
02-06-2016,Jerseys,350,382,132
26-07-2016,Jerseys,800,942,180
12-08-2015,Tires and Tubes,20,21,29
07-09-2015,Tires and Tubes,280,306,285
07-09-2015,Tires and Tubes,48,52,197
22-09-2015,Jerseys,540,505,1012
22-09-2015,Caps,81,76,63
07-10-2015,Tires and Tubes,780,849,648
16-10-2015,Tires and Tubes,60,60,1266
16-10-2015,Tires and Tubes,2,3,111
28-10-2015,Jerseys,486,524,76
22-12-2015,Tires and Tubes,326,343,21
31-01-2016,Gloves,539,715,569
27-03-2016,Gloves,735,905,88
21-02-2016,Jerseys,100,134,99
19-07-2016,Jerseys,756,844,6
03-11-2015,Jerseys,270,279,622
01-05-2016,Fenders,659,818,39
09-06-2016,Fenders,110,146,51
15-02-2016,Gloves,122,172,542
17-02-2016,Gloves,661,736,64
28-04-2016,Gloves,441,525,448
16-02-2016,Helmets,1050,1351,2087
16-02-2016,Vests,1842,1950,803
11-12-2015,Tires and Tubes,1015,1093,1499
11-12-2015,Tires and Tubes,65,67,423
11-12-2015,Helmets,875,967,858
04-03-2016,Bike Racks,480,581,884
30-05-2016,Bike Racks,240,274,108
28-06-2016,Bike Racks,1200,1515,57
10-07-2016,Bike Racks,1560,2073,41
30-01-2016,Tires and Tubes,870,1090,654
30-01-2016,Tires and Tubes,80,99,19
30-01-2016,Tires and Tubes,23,26,959
02-02-2016,Tires and Tubes,580,735,49
02-02-2016,Tires and Tubes,110,137,390
02-02-2016,Tires and Tubes,48,59,303
05-03-2016,Helmets,525,674,28
06-04-2016,Tires and Tubes,2,3,187
08-04-2016,Tires and Tubes,359,464,15
08-04-2016,Tires and Tubes,62,76,1027
19-04-2016,Helmets,70,79,184
23-04-2016,Tires and Tubes,236,284,789
12-05-2016,Tires and Tubes,116,150,382
12-05-2016,Tires and Tubes,25,28,1676
13-05-2016,Tires and Tubes,623,812,2356
17-05-2016,Helmets,210,268,893
27-05-2016,Tires and Tubes,85,105,941
04-06-2016,Helmets,105,143,16
14-06-2016,Helmets,385,525,2428
24-06-2016,Helmets,315,405,933
01-07-2016,Helmets,210,269,2206
03-08-2015,Tires and Tubes,200,230,1756
21-08-2015,Tires and Tubes,175,182,746
21-08-2015,Tires and Tubes,90,99,1453
21-08-2015,Helmets,315,366,1321
25-08-2015,Tires and Tubes,1015,1167,134
25-08-2015,Tires and Tubes,90,89,405
25-08-2015,Tires and Tubes,53,57,778
28-08-2015,Tires and Tubes,245,247,745
28-08-2015,Tires and Tubes,40,41,48
28-08-2015,Helmets,945,1053,52
29-08-2015,Tires and Tubes,450,486,81
03-09-2015,Tires and Tubes,425,471,862
22-10-2015,Helmets,35,41,486
03-11-2015,Tires and Tubes,105,116,193
03-11-2015,Helmets,455,505,228
12-11-2015,Tires and Tubes,100,105,83
03-12-2015,Tires and Tubes,5,5,96
03-12-2015,Tires and Tubes,240,265,30
03-12-2015,Tires and Tubes,64,74,1294
20-05-2016,Fenders,396,556,139
04-06-2016,Fenders,242,301,646
06-06-2016,Fenders,44,54,319
19-06-2016,Fenders,22,25,175
15-07-2016,Fenders,528,677,282
22-07-2016,Fenders,418,498,235
06-04-2016,Bike Stands,954,1209,92
26-04-2016,Fenders,198,265,306
30-05-2016,Mountain Bikes,2295,2474,144
09-02-2015,Mountain Bikes,2071,2188,58
13-06-2015,Mountain Bikes,2071,2043,384
30-06-2015,Mountain Bikes,2071,1959,584
24-08-2015,Mountain Bikes,2320,2290,29
24-08-2015,Bike Stands,318,375,161
02-09-2015,Mountain Bikes,2295,2402,1156
20-12-2015,Mountain Bikes,2295,2307,26
25-01-2016,Gloves,196,275,56
16-11-2015,Mountain Bikes,2320,2152,36
09-01-2015,Mountain Bikes,2071,2042,35
17-02-2015,Mountain Bikes,2049,1925,134
19-02-2015,Mountain Bikes,2049,1774,674
21-02-2015,Mountain Bikes,2049,1830,87
30-08-2015,Mountain Bikes,769,730,902
09-10-2015,Mountain Bikes,2295,2301,814
28-10-2015,Mountain Bikes,2295,2454,524
05-12-2015,Mountain Bikes,2295,2399,602
07-12-2015,Mountain Bikes,769,764,49
15-12-2015,Mountain Bikes,2320,2027,5
28-01-2016,Fenders,110,134,54
09-03-2016,Fenders,264,356,68
14-03-2016,Fenders,308,345,47
30-05-2016,Fenders,396,477,122
09-06-2016,Fenders,132,177,82
05-12-2015,Bike Stands,1272,1353,191
07-03-2015,Road Bikes,1000,922,146
24-09-2015,Road Bikes,1120,928,45
15-12-2015,Road Bikes,1701,1630,120
10-11-2015,Bike Stands,636,716,273
06-02-2016,Jerseys,850,1104,796
06-02-2016,Jerseys,594,750,1314
26-02-2016,Fenders,462,648,1415
26-02-2016,Jerseys,324,412,3326
31-03-2016,Helmets,665,821,222
08-04-2016,Jerseys,216,257,174
11-04-2016,Helmets,70,75,1240
16-04-2016,Helmets,420,513,663
17-04-2016,Helmets,595,789,51
30-04-2016,Fenders,352,424,74
07-05-2016,Fenders,484,597,4
21-05-2016,Fenders,374,435,2360
22-05-2016,Fenders,110,125,74
08-06-2016,Helmets,385,498,192
17-06-2016,Helmets,315,339,255
29-06-2016,Helmets,875,1059,56
14-07-2015,Helmets,385,459,507
03-08-2015,Jerseys,100,118,497
11-08-2015,Helmets,910,1108,101
13-08-2015,Helmets,105,109,18
24-08-2015,Helmets,735,780,68
25-08-2015,Helmets,1050,1124,323
25-08-2015,Jerseys,1100,1118,274
12-09-2015,Jerseys,1200,1198,620
05-10-2015,Helmets,105,114,97
21-10-2015,Helmets,105,108,470
22-10-2015,Helmets,245,252,514
22-10-2015,Jerseys,1134,1146,446
07-11-2015,Jerseys,50,53,224
23-11-2015,Helmets,840,875,23
13-12-2015,Helmets,560,614,55
24-12-2015,Jerseys,972,1064,529
04-01-2016,Tires and Tubes,120,168,3219
04-01-2016,Tires and Tubes,21,27,195
12-01-2016,Fenders,571,816,803
12-01-2016,Helmets,385,481,125
12-01-2016,Fenders,308,369,2135
12-01-2016,Helmets,35,44,159
13-01-2016,Fenders,154,180,1590
16-01-2016,Helmets,245,298,268
24-01-2016,Helmets,560,709,25
24-01-2016,Tires and Tubes,150,205,2574
24-01-2016,Tires and Tubes,15,17,426
25-01-2016,Tires and Tubes,60,77,707
25-01-2016,Tires and Tubes,35,42,154
05-02-2016,Tires and Tubes,754,906,481
05-02-2016,Tires and Tubes,45,57,934
27-02-2016,Tires and Tubes,175,235,458
04-03-2016,Tires and Tubes,44,56,298
05-03-2016,Tires and Tubes,490,587,56
11-03-2016,Fenders,528,719,258
15-03-2016,Fenders,659,951,58
15-03-2016,Helmets,315,358,401
08-04-2016,Helmets,350,416,1265
18-04-2016,Helmets,35,48,523
28-04-2016,Tires and Tubes,348,378,589
28-04-2016,Tires and Tubes,80,103,34
09-05-2016,Helmets,980,1128,130
23-05-2016,Tires and Tubes,150,178,1325
26-05-2016,Tires and Tubes,735,936,43
26-05-2016,Tires and Tubes,11,12,1355
27-05-2016,Helmets,700,807,157
16-06-2016,Tires and Tubes,41,56,664
16-06-2016,Tires and Tubes,40,45,666
26-06-2016,Tires and Tubes,107,139,62
26-06-2016,Tires and Tubes,69,88,55
26-06-2016,Tires and Tubes,56,68,146
28-06-2016,Tires and Tubes,21,25,950
09-07-2016,Fenders,44,52,79
21-07-2016,Tires and Tubes,913,1044,37
21-07-2016,Tires and Tubes,72,96,2559
16-07-2015,Helmets,630,712,1336
08-08-2015,Tires and Tubes,490,521,674
14-08-2015,Helmets,350,409,13
14-08-2015,Helmets,945,1037,203
19-08-2015,Tires and Tubes,490,563,33
19-08-2015,Tires and Tubes,30,33,62
19-08-2015,Helmets,875,874,20
08-09-2015,Tires and Tubes,130,146,564
08-09-2015,Helmets,210,231,66
12-10-2015,Tires and Tubes,105,132,38
12-10-2015,Tires and Tubes,65,66,344
12-10-2015,Helmets,665,767,2699
20-10-2015,Helmets,420,457,30
25-10-2015,Tires and Tubes,175,206,248
25-10-2015,Tires and Tubes,11,12,57
28-10-2015,Tires and Tubes,910,1079,250
28-10-2015,Tires and Tubes,145,147,132
23-11-2015,Helmets,630,698,730
24-11-2015,Tires and Tubes,600,618,57
24-11-2015,Tires and Tubes,64,69,177
03-12-2015,Helmets,840,888,97
31-12-2015,Tires and Tubes,245,274,223
31-12-2015,Tires and Tubes,90,89,1405
31-12-2015,Helmets,140,151,2378
31-12-2015,Tires and Tubes,910,994,1138
31-12-2015,Tires and Tubes,65,71,79
31-12-2015,Helmets,770,906,73
24-01-2016,Gloves,245,269,1272
13-12-2015,Hydration Packs,1100,1289,53
21-03-2016,Mountain Bikes,540,527,1345
20-05-2015,Mountain Bikes,2071,2049,1847
11-12-2015,Mountain Bikes,2320,2213,1003
11-12-2015,Cleaners,135,152,296
11-12-2015,Mountain Bikes,2295,2358,873
13-12-2015,Mountain Bikes,2320,2206,184
07-01-2016,Jerseys,500,679,191
15-03-2016,Jerseys,162,191,834
08-05-2016,Jerseys,378,468,699
18-06-2016,Jerseys,650,845,603
06-10-2015,Jerseys,1150,1099,83
19-12-2015,Jerseys,400,405,1464
11-08-2015,Caps,189,213,830
10-09-2015,Caps,252,304,709
05-11-2015,Caps,198,187,180
12-12-2015,Caps,234,268,27
30-12-2015,Caps,189,226,109
30-12-2015,Mountain Bikes,2320,2036,109
30-12-2015,Hydration Packs,1595,1772,1021
15-02-2016,Fenders,220,273,545
04-03-2016,Fenders,198,244,30
04-03-2016,Bottles and Cages,40,48,896
04-03-2016,Bottles and Cages,10,13,227
14-03-2016,Bottles and Cages,125,174,833
14-03-2016,Bottles and Cages,80,100,25
18-08-2015,Bottles and Cages,261,284,843
18-08-2015,Bottles and Cages,55,62,7
11-11-2015,Bottles and Cages,100,107,60
11-11-2015,Bottles and Cages,150,162,751
18-12-2015,Bottles and Cages,260,277,397
18-12-2015,Bottles and Cages,50,59,314
23-12-2015,Bottles and Cages,210,234,553
23-12-2015,Bottles and Cages,90,96,42
20-01-2016,Fenders,110,140,412
03-01-2016,Tires and Tubes,5,6,124
03-01-2016,Helmets,315,391,170
10-01-2016,Helmets,245,332,432
27-01-2016,Helmets,385,498,24
05-02-2016,Jerseys,1404,1808,848
07-03-2016,Jerseys,350,368,698
08-03-2016,Jerseys,864,1078,218
12-03-2016,Jerseys,50,70,135
22-03-2016,Helmets,140,171,673
27-03-2016,Tires and Tubes,40,55,3187
27-03-2016,Tires and Tubes,7,8,648
31-03-2016,Tires and Tubes,805,1080,430
31-03-2016,Tires and Tubes,70,94,2046
31-03-2016,Tires and Tubes,9,11,703
05-04-2016,Jerseys,1300,1664,1862
13-04-2016,Tires and Tubes,120,151,390
13-04-2016,Tires and Tubes,32,37,139
13-04-2016,Tires and Tubes,375,407,72
13-04-2016,Tires and Tubes,7,9,738
18-04-2016,Tires and Tubes,196,246,107
18-04-2016,Tires and Tubes,8,11,51
18-04-2016,Jerseys,1300,1539,197
30-04-2016,Tires and Tubes,110,146,118
30-04-2016,Tires and Tubes,245,322,26
18-05-2016,Jerseys,1026,1164,326
27-05-2016,Helmets,665,868,417
06-06-2016,Tires and Tubes,125,140,375
06-06-2016,Tires and Tubes,29,35,53
07-06-2016,Tires and Tubes,80,98,143
07-06-2016,Tires and Tubes,225,298,68
07-06-2016,Tires and Tubes,23,30,56
24-06-2016,Jerseys,1620,2058,29
28-07-2016,Tires and Tubes,540,647,108
18-08-2015,Helmets,385,404,92
18-08-2015,Jerseys,1150,1289,78
22-08-2015,Tires and Tubes,50,52,770
22-08-2015,Tires and Tubes,840,956,39
22-08-2015,Helmets,840,923,1088
23-08-2015,Tires and Tubes,293,299,8
23-08-2015,Tires and Tubes,112,122,557
23-09-2015,Tires and Tubes,735,750,19
23-09-2015,Tires and Tubes,35,38,132
23-09-2015,Tires and Tubes,60,67,415
15-10-2015,Tires and Tubes,228,254,115
15-10-2015,Tires and Tubes,4,4,38
15-10-2015,Helmets,875,977,17
20-11-2015,Tires and Tubes,375,381,2266
22-11-2015,Tires and Tubes,600,698,682
22-11-2015,Tires and Tubes,70,73,211
22-11-2015,Tires and Tubes,27,28,328
08-12-2015,Tires and Tubes,150,163,655
08-12-2015,Tires and Tubes,5,5,1071
08-12-2015,Helmets,245,266,2746
15-12-2015,Helmets,175,195,68
27-12-2015,Tires and Tubes,540,561,290
27-12-2015,Tires and Tubes,7,7,1017
28-12-2015,Jerseys,1250,1462,261
05-01-2016,Tires and Tubes,580,814,411
05-01-2016,Tires and Tubes,69,92,43
18-02-2016,Tires and Tubes,75,97,68
31-08-2015,Tires and Tubes,150,156,670
31-08-2015,Tires and Tubes,2,2,828
12-09-2015,Tires and Tubes,350,427,123
12-09-2015,Tires and Tubes,20,22,443
12-09-2015,Cleaners,239,269,8
02-12-2015,Tires and Tubes,95,99,623
02-12-2015,Tires and Tubes,630,706,83
02-12-2015,Tires and Tubes,66,76,349
02-12-2015,Cleaners,151,169,87
08-12-2015,Tires and Tubes,900,930,1264
29-12-2015,Tires and Tubes,72,88,325
29-12-2015,Tires and Tubes,848,1014,762
29-12-2015,Tires and Tubes,23,27,413
20-01-2016,Mountain Bikes,2295,2701,1071
23-03-2016,Mountain Bikes,540,570,16
24-05-2016,Mountain Bikes,769,847,649
27-05-2016,Mountain Bikes,2320,2343,13
09-06-2016,Mountain Bikes,2320,2369,51
17-08-2015,Mountain Bikes,2295,2094,158
06-11-2015,Mountain Bikes,2320,1966,251
22-11-2015,Mountain Bikes,565,566,33
14-12-2015,Mountain Bikes,2320,2183,116
11-01-2016,Jerseys,300,330,668
08-02-2016,Jerseys,810,1008,118
07-04-2016,Jerseys,1300,1556,36
30-05-2016,Jerseys,750,850,340
15-06-2016,Jerseys,1200,1553,145
28-10-2015,Jerseys,1200,1368,949
20-11-2015,Jerseys,270,267,27
26-11-2015,Jerseys,810,860,1873
29-11-2015,Jerseys,270,297,48
05-12-2015,Jerseys,600,645,155
14-07-2016,Bike Stands,477,566,66
12-02-2016,Tires and Tubes,300,370,53
12-02-2016,Tires and Tubes,70,81,1450
30-03-2016,Tires and Tubes,848,1088,44
03-07-2016,Tires and Tubes,630,768,39
03-07-2016,Tires and Tubes,100,110,140
23-07-2016,Tires and Tubes,85,116,45
23-07-2016,Tires and Tubes,29,36,129
28-10-2015,Tires and Tubes,24,28,349
28-10-2015,Tires and Tubes,750,778,770
17-02-2016,Tires and Tubes,870,1243,459
17-02-2016,Tires and Tubes,75,96,41
06-03-2016,Cleaners,159,192,78
07-03-2016,Tires and Tubes,280,314,22
07-03-2016,Tires and Tubes,30,38,117
21-03-2016,Tires and Tubes,301,387,447
21-03-2016,Tires and Tubes,44,50,663
05-04-2016,Tires and Tubes,100,111,142
05-04-2016,Tires and Tubes,319,431,446
25-04-2016,Tires and Tubes,115,153,674
25-04-2016,Tires and Tubes,980,1199,2184
25-04-2016,Tires and Tubes,32,42,504
28-04-2016,Tires and Tubes,525,611,666
28-04-2016,Tires and Tubes,70,74,47
27-06-2016,Tires and Tubes,50,61,1073
27-06-2016,Tires and Tubes,240,331,672
08-07-2016,Tires and Tubes,28,33,360
08-07-2016,Tires and Tubes,228,279,91
24-07-2016,Tires and Tubes,30,40,117
24-07-2016,Tires and Tubes,64,76,102
31-07-2016,Tires and Tubes,25,30,1037
31-07-2016,Tires and Tubes,480,531,658
31-07-2016,Tires and Tubes,9,11,92
15-08-2015,Tires and Tubes,20,23,66
15-08-2015,Tires and Tubes,44,48,202
02-09-2015,Tires and Tubes,70,78,57
02-09-2015,Tires and Tubes,1050,1008,569
02-10-2015,Tires and Tubes,110,118,10
05-10-2015,Tires and Tubes,10,12,148
17-11-2015,Cleaners,16,17,136
17-11-2015,Bike Stands,318,384,117
08-12-2015,Cleaners,151,150,63
22-08-2015,Cleaners,199,190,129
25-04-2016,Cleaners,239,323,491
03-02-2016,Helmets,350,473,1105
09-03-2016,Helmets,875,1054,68
16-03-2016,Bottles and Cages,261,314,1305
16-03-2016,Bottles and Cages,130,146,421
20-03-2016,Helmets,805,1004,392
27-03-2016,Bottles and Cages,171,236,67
27-03-2016,Bottles and Cages,115,158,321
25-04-2016,Helmets,455,554,21
01-05-2016,Bottles and Cages,225,264,335
01-05-2016,Bottles and Cages,125,163,107
10-05-2016,Bottles and Cages,55,72,381
10-05-2016,Bottles and Cages,36,43,150
26-06-2016,Helmets,560,779,214
01-07-2016,Helmets,105,124,802
08-07-2016,Helmets,175,228,471
18-07-2016,Helmets,140,161,292
09-07-2015,Bottles and Cages,70,82,122
09-07-2015,Bottles and Cages,40,47,346
09-07-2015,Helmets,385,406,54
20-07-2015,Bottles and Cages,10,12,45
03-08-2015,Helmets,770,811,402
12-08-2015,Helmets,420,435,118
14-08-2015,Bottles and Cages,135,134,131
14-08-2015,Bottles and Cages,50,60,396
29-08-2015,Helmets,700,772,673
31-08-2015,Helmets,805,926,268
18-09-2015,Helmets,945,1076,98
21-09-2015,Helmets,35,38,1225
16-10-2015,Helmets,350,388,102
23-10-2015,Bottles and Cages,115,130,174
23-10-2015,Bottles and Cages,300,297,80
25-10-2015,Bottles and Cages,45,45,3
06-11-2015,Bottles and Cages,60,66,1063
06-11-2015,Bottles and Cages,105,112,1569
08-11-2015,Helmets,280,301,124
17-11-2015,Bottles and Cages,10,11,637
17-11-2015,Bottles and Cages,90,96,199
08-12-2015,Bottles and Cages,170,194,182
08-12-2015,Bottles and Cages,15,16,32
08-12-2015,Helmets,140,139,89
12-12-2015,Helmets,595,674,848
26-12-2015,Helmets,140,163,20
30-12-2015,Bottles and Cages,162,185,1154
30-12-2015,Bottles and Cages,15,15,96
05-05-2016,Gloves,196,246,76
12-10-2015,Cleaners,24,26,359
27-02-2016,Cleaners,87,96,1270
04-06-2016,Vests,1016,1287,1104
19-06-2016,Cleaners,56,72,975
30-06-2016,Cleaners,151,202,54
22-07-2016,Vests,1143,1329,375
22-09-2015,Cleaners,215,237,57
22-09-2015,Cleaners,32,32,242
05-10-2015,Vests,1334,1366,2830
23-12-2015,Vests,572,628,1441
10-01-2016,Tires and Tubes,44,50,2983
10-01-2016,Cleaners,16,20,3307
13-01-2016,Cleaners,48,54,222
31-01-2016,Tires and Tubes,240,301,506
31-01-2016,Tires and Tubes,145,175,185
07-04-2016,Tires and Tubes,95,110,433
28-05-2016,Tires and Tubes,350,402,105
01-08-2015,Tires and Tubes,88,103,51
01-08-2015,Tires and Tubes,848,883,216
21-08-2015,Tires and Tubes,15,16,772
21-08-2015,Tires and Tubes,805,843,63
23-09-2015,Tires and Tubes,344,384,951
03-10-2015,Tires and Tubes,20,21,415
03-10-2015,Tires and Tubes,21,22,43
06-10-2015,Tires and Tubes,85,99,33
06-10-2015,Tires and Tubes,58,60,138
15-12-2015,Cleaners,135,145,782
01-01-2016,Helmets,210,271,517
06-01-2016,Helmets,1015,1285,533
06-01-2016,Gloves,269,310,3
18-01-2016,Tires and Tubes,180,222,1508
19-01-2016,Tires and Tubes,100,133,444
19-01-2016,Tires and Tubes,870,1189,457
19-01-2016,Tires and Tubes,21,25,408
20-01-2016,Tires and Tubes,875,1131,87
20-01-2016,Fenders,198,273,225
20-01-2016,Helmets,350,404,363
20-01-2016,Gloves,122,153,234
12-02-2016,Tires and Tubes,116,140,129
12-02-2016,Tires and Tubes,135,171,221
15-02-2016,Fenders,506,664,33
15-02-2016,Tires and Tubes,60,73,60
16-02-2016,Tires and Tubes,300,350,177
16-02-2016,Tires and Tubes,60,77,54
16-02-2016,Helmets,875,1089,866
16-02-2016,Gloves,98,105,297
28-02-2016,Helmets,175,212,45
15-03-2016,Tires and Tubes,480,552,121
28-03-2016,Helmets,105,127,35
05-04-2016,Tires and Tubes,420,546,577
05-04-2016,Tires and Tubes,60,75,3021
05-04-2016,Socks,72,99,1029
21-04-2016,Tires and Tubes,365,442,38
22-04-2016,Tires and Tubes,15,19,1303
22-04-2016,Helmets,770,919,83
22-04-2016,Gloves,465,657,228
08-05-2016,Gloves,318,404,140
08-05-2016,Helmets,70,93,1936
08-05-2016,Tires and Tubes,625,757,1238
08-05-2016,Tires and Tubes,9,10,210
11-05-2016,Tires and Tubes,665,816,82
11-05-2016,Tires and Tubes,30,41,1296
11-05-2016,Helmets,910,1109,211
12-05-2016,Helmets,140,181,469
15-05-2016,Helmets,875,1070,77
06-06-2016,Gloves,637,808,957
07-06-2016,Helmets,665,758,147
14-07-2016,Tires and Tubes,130,144,1175
14-07-2016,Tires and Tubes,37,41,147
19-07-2016,Tires and Tubes,300,374,90
19-07-2016,Tires and Tubes,46,56,68
31-07-2016,Fenders,484,558,44
07-08-2015,Tires and Tubes,110,119,140
07-08-2015,Helmets,210,258,770
08-09-2015,Tires and Tubes,245,250,578
08-09-2015,Tires and Tubes,75,86,164
08-09-2015,Helmets,210,210,115
20-09-2015,Helmets,805,944,967
21-09-2015,Tires and Tubes,420,435,123
21-09-2015,Tires and Tubes,75,80,56
21-09-2015,Helmets,175,177,573
30-09-2015,Tires and Tubes,140,159,133
30-09-2015,Tires and Tubes,30,31,461
30-09-2015,Socks,261,279,177
15-10-2015,Tires and Tubes,350,408,143
15-10-2015,Tires and Tubes,60,69,1211
18-10-2015,Tires and Tubes,696,730,77
18-10-2015,Tires and Tubes,150,172,18
18-10-2015,Tires and Tubes,50,56,588
28-10-2015,Tires and Tubes,10,11,1414
28-10-2015,Tires and Tubes,420,432,577
28-10-2015,Helmets,980,1034,651
05-11-2015,Tires and Tubes,75,83,3
05-11-2015,Helmets,945,1120,634
07-11-2015,Helmets,910,1047,627
18-11-2015,Helmets,455,537,79
23-11-2015,Tires and Tubes,240,260,35
23-11-2015,Tires and Tubes,64,76,1816
05-12-2015,Helmets,1050,1224,3158
19-12-2015,Tires and Tubes,16,19,1976
25-12-2015,Tires and Tubes,41,47,43
29-12-2015,Tires and Tubes,90,91,175
12-07-2016,Cleaners,103,128,833
21-12-2015,Hydration Packs,605,730,334
20-01-2016,Cleaners,183,238,705
31-07-2016,Cleaners,167,217,98
05-10-2015,Mountain Bikes,2320,2177,103
12-12-2015,Mountain Bikes,2320,2113,255
29-12-2015,Mountain Bikes,2320,1924,759
21-09-2015,Jerseys,1250,1351,121
26-10-2015,Jerseys,432,426,1289
12-12-2015,Jerseys,1450,1711,371
02-08-2015,Vests,1651,1895,9
21-12-2015,Vests,381,377,53
05-03-2016,Jerseys,50,62,646
24-07-2016,Caps,225,280,72
27-08-2015,Caps,126,132,578
17-12-2015,Caps,180,184,155
07-01-2015,Road Bikes,1000,896,98
15-11-2015,Mountain Bikes,769,695,33
15-12-2015,Mountain Bikes,2295,2017,97
03-12-2015,Vests,1334,1409,570
01-01-2015,Road Bikes,1000,938,214
11-01-2016,Jerseys,200,224,122
14-01-2016,Jerseys,162,196,645
14-01-2016,Fenders,88,100,862
28-09-2015,Jerseys,1300,1547,7
14-10-2015,Jerseys,1566,1780,216
02-01-2016,Helmets,805,1109,602
02-01-2016,Tires and Tubes,770,940,164
02-01-2016,Tires and Tubes,10,13,121
06-01-2016,Tires and Tubes,98,129,619
18-01-2016,Helmets,140,171,665
01-02-2016,Road Bikes,540,602,1015
10-03-2016,Helmets,175,237,1438
10-03-2016,Tires and Tubes,25,29,1225
28-03-2016,Helmets,560,737,752
28-03-2016,Tires and Tubes,540,683,553
28-03-2016,Tires and Tubes,40,50,1764
19-04-2016,Tires and Tubes,450,610,1344
19-04-2016,Tires and Tubes,16,20,163
21-04-2016,Tires and Tubes,690,764,460
21-04-2016,Tires and Tubes,69,85,892
05-05-2016,Tires and Tubes,145,183,1586
05-05-2016,Tires and Tubes,90,115,559
25-05-2016,Helmets,560,634,380
25-05-2016,Tires and Tubes,33,37,1843
20-06-2016,Tires and Tubes,575,714,2272
20-06-2016,Tires and Tubes,57,71,3182
20-06-2016,Tires and Tubes,50,61,184
29-06-2016,Tires and Tubes,290,379,30
29-06-2016,Tires and Tubes,44,52,65
29-06-2016,Tires and Tubes,20,27,1382
13-07-2016,Helmets,350,482,42
13-07-2016,Tires and Tubes,250,335,38
13-07-2016,Tires and Tubes,90,124,78
31-08-2015,Helmets,1015,1127,177
27-09-2015,Helmets,1015,1112,40
07-11-2015,Tires and Tubes,145,167,62
07-11-2015,Tires and Tubes,55,61,116
26-11-2015,Tires and Tubes,480,516,858
26-11-2015,Tires and Tubes,30,29,149
26-11-2015,Tires and Tubes,95,103,297
26-11-2015,Helmets,140,142,403
11-12-2015,Helmets,980,1177,85
21-05-2016,Fenders,66,79,1305
05-05-2016,Caps,144,185,145
15-06-2016,Caps,36,50,70
31-12-2015,Caps,270,289,36
10-08-2015,Vests,445,470,45
08-01-2016,Tires and Tubes,175,220,31
08-01-2016,Tires and Tubes,39,51,1042
30-04-2016,Tires and Tubes,53,58,717
05-06-2016,Tires and Tubes,95,125,90
27-06-2016,Tires and Tubes,100,120,382
27-06-2016,Tires and Tubes,9,11,94
30-06-2016,Tires and Tubes,390,521,541
08-10-2015,Tires and Tubes,50,55,22
08-10-2015,Tires and Tubes,30,31,1490
07-08-2015,Hydration Packs,660,719,342
07-08-2015,Cleaners,223,261,121
26-01-2016,Tires and Tubes,315,366,8
13-03-2016,Jerseys,200,251,589
23-03-2016,Tires and Tubes,60,78,8
07-04-2016,Tires and Tubes,150,184,398
16-05-2016,Tires and Tubes,280,322,122
09-08-2015,Tires and Tubes,30,34,121
09-08-2015,Tires and Tubes,980,1012,1419
07-09-2015,Jerseys,550,526,632
03-10-2015,Tires and Tubes,945,1016,47
03-10-2015,Tires and Tubes,100,107,494
03-10-2015,Tires and Tubes,23,23,301
29-11-2015,Tires and Tubes,315,335,373
15-12-2015,Tires and Tubes,400,446,168
15-12-2015,Tires and Tubes,53,60,94
31-05-2016,Tires and Tubes,90,124,47
31-05-2016,Tires and Tubes,70,94,398
31-05-2016,Cleaners,119,133,262
02-06-2016,Jerseys,1150,1614,13
08-06-2016,Jerseys,50,66,669
19-09-2015,Jerseys,1250,1254,531
27-01-2016,Tires and Tubes,700,851,528
27-01-2016,Tires and Tubes,150,197,19
08-02-2016,Tires and Tubes,645,913,1617
01-03-2016,Tires and Tubes,20,25,607
01-03-2016,Tires and Tubes,41,52,48
08-03-2016,Tires and Tubes,40,45,1353
21-03-2016,Jerseys,800,1101,765
25-03-2016,Jerseys,650,864,746
29-04-2016,Jerseys,648,799,18
30-05-2016,Tires and Tubes,245,287,264
25-06-2016,Jerseys,1150,1378,5
28-06-2016,Jerseys,450,642,46
16-07-2016,Jerseys,200,258,529
19-07-2016,Tires and Tubes,70,86,1353
19-07-2016,Tires and Tubes,665,858,1958
21-08-2015,Tires and Tubes,55,53,778
21-08-2015,Tires and Tubes,175,178,107
28-08-2015,Tires and Tubes,945,1033,114
28-08-2015,Tires and Tubes,37,38,321
31-08-2015,Tires and Tubes,27,31,2823
02-09-2015,Tires and Tubes,910,1020,2357
07-09-2015,Tires and Tubes,115,129,1447
07-09-2015,Tires and Tubes,350,338,231
10-10-2015,Tires and Tubes,110,110,33
10-10-2015,Tires and Tubes,32,33,782
25-10-2015,Tires and Tubes,75,78,133
25-10-2015,Tires and Tubes,34,40,45
26-10-2015,Jerseys,1450,1567,11
27-10-2015,Jerseys,900,1028,111
02-12-2015,Jerseys,900,982,215
08-12-2015,Jerseys,400,410,1098
06-01-2016,Jerseys,1350,1519,52
18-04-2016,Jerseys,700,864,759
27-07-2016,Jerseys,100,116,17
28-08-2015,Jerseys,1300,1344,187
27-09-2015,Jerseys,1200,1147,25
15-01-2016,Bottles and Cages,80,101,3215
25-03-2016,Bottles and Cages,15,20,706
11-04-2016,Road Bikes,1701,1666,2819
29-04-2016,Road Bikes,2443,2554,9
01-05-2016,Bottles and Cages,130,152,86
11-06-2016,Road Bikes,1701,1649,134
11-06-2016,Bottles and Cages,150,195,261
11-06-2016,Bottles and Cages,261,335,1569
18-06-2016,Cleaners,24,30,746
06-03-2015,Road Bikes,1000,932,2189
21-03-2015,Road Bikes,1000,840,214
24-03-2015,Road Bikes,1000,851,146
21-08-2015,Mountain Bikes,2320,2177,1487
31-08-2015,Mountain Bikes,2295,1967,56
13-09-2015,Mountain Bikes,2295,1865,271
13-09-2015,Bottles and Cages,50,58,88
13-09-2015,Bottles and Cages,20,20,1208
13-09-2015,Hydration Packs,1540,1842,2793
13-09-2015,Cleaners,72,73,246
10-10-2015,Cleaners,167,171,1634
22-10-2015,Bottles and Cages,240,237,50
22-10-2015,Hydration Packs,660,701,24
23-10-2015,Mountain Bikes,2295,2408,10
23-10-2015,Bottles and Cages,10,11,1117
23-10-2015,Hydration Packs,1210,1235,31
25-10-2015,Road Bikes,1120,969,21
02-12-2015,Mountain Bikes,769,722,1337
03-12-2015,Mountain Bikes,769,687,97
03-12-2015,Bottles and Cages,50,54,2021
03-12-2015,Bottles and Cages,80,81,36
08-12-2015,Bottles and Cages,145,170,726
14-12-2015,Mountain Bikes,2295,2028,293
14-12-2015,Bottles and Cages,70,82,2243
14-12-2015,Bottles and Cages,15,18,217
27-01-2016,Helmets,770,1041,32
08-02-2016,Caps,243,267,30
08-03-2016,Helmets,350,448,2948
25-03-2016,Caps,27,33,110
11-04-2016,Helmets,245,288,650
29-04-2016,Helmets,280,321,3020
29-04-2016,Caps,162,211,889
11-06-2016,Helmets,175,232,1368
21-08-2015,Helmets,210,244,798
07-09-2015,Helmets,280,290,1988
26-10-2015,Caps,216,207,637
27-10-2015,Caps,72,73,563
02-12-2015,Helmets,630,730,513
08-12-2015,Helmets,630,669,453
23-12-2015,Helmets,595,673,2219
05-01-2016,Mountain Bikes,2320,2674,2067
05-01-2016,Fenders,396,437,1582
07-05-2016,Mountain Bikes,769,756,78
03-01-2016,Mountain Bikes,2295,2350,722
03-05-2016,Mountain Bikes,769,848,1054
10-05-2016,Mountain Bikes,2295,2446,51
11-05-2016,Mountain Bikes,2320,2805,327
13-05-2016,Mountain Bikes,2320,2595,211
26-05-2016,Mountain Bikes,2320,2601,49
11-09-2015,Road Bikes,540,487,21
23-11-2015,Road Bikes,1701,1673,1295
20-01-2016,Mountain Bikes,2320,2482,1857
25-02-2016,Tires and Tubes,70,94,37
25-02-2016,Tires and Tubes,175,220,10
25-02-2016,Helmets,770,978,1045
25-02-2016,Gloves,73,89,1159
08-06-2016,Tires and Tubes,750,874,904
08-06-2016,Tires and Tubes,52,64,117
27-06-2016,Tires and Tubes,104,120,872
27-06-2016,Tires and Tubes,913,1113,2952
27-06-2016,Helmets,875,1141,51
07-09-2015,Tires and Tubes,84,102,3169
07-09-2015,Tires and Tubes,978,1140,597
30-09-2015,Tires and Tubes,250,270,941
30-09-2015,Tires and Tubes,16,17,127
30-09-2015,Helmets,595,637,59
06-12-2015,Tires and Tubes,135,163,779
06-12-2015,Tires and Tubes,675,726,612
06-12-2015,Tires and Tubes,451,437,6
06-12-2015,Tires and Tubes,39,44,998
23-12-2015,Caps,9,11,244
12-04-2016,Jerseys,350,443,387
19-04-2016,Jerseys,900,1089,52
16-10-2015,Jerseys,1500,1587,15
30-01-2016,Tires and Tubes,48,56,135
30-01-2016,Tires and Tubes,64,78,97
17-04-2016,Tires and Tubes,602,747,30
03-06-2016,Tires and Tubes,80,94,880
28-06-2016,Socks,36,45,25
28-07-2016,Tires and Tubes,1015,1464,56
28-07-2016,Tires and Tubes,15,20,107
09-08-2015,Caps,81,87,136
01-09-2015,Cleaners,8,9,3110
04-05-2016,Gloves,73,91,110
09-01-2016,Cleaners,175,220,600
14-01-2016,Fenders,264,350,36
01-05-2016,Fenders,88,95,445
16-05-2016,Fenders,484,592,13
26-03-2016,Bike Racks,720,867,10
04-05-2016,Bike Racks,2040,2634,189
23-12-2015,Jerseys,1350,1468,1847
04-02-2016,Bike Racks,120,136,738
29-01-2016,Fenders,571,713,64
29-01-2016,Socks,180,206,759
09-04-2016,Fenders,88,113,19
10-05-2016,Fenders,374,493,1404
10-05-2016,Fenders,659,790,1277
16-10-2015,Socks,261,289,117
12-02-2016,Bike Racks,3600,4923,176
17-05-2016,Bike Racks,600,768,2931
07-01-2016,Road Bikes,2443,2954,364
30-01-2016,Mountain Bikes,2295,2643,152
13-02-2016,Mountain Bikes,2295,2344,128
15-02-2016,Mountain Bikes,2295,2189,938
10-03-2016,Mountain Bikes,2295,2319,129
28-03-2016,Mountain Bikes,2295,2089,44
15-04-2016,Mountain Bikes,2295,2381,350
16-05-2016,Road Bikes,1120,1211,273
23-05-2016,Mountain Bikes,769,760,34
05-04-2015,Road Bikes,1000,922,19
06-05-2015,Road Bikes,783,714,85
20-05-2015,Road Bikes,783,773,716
26-09-2015,Mountain Bikes,565,484,595
18-12-2015,Mountain Bikes,769,700,258
30-01-2016,Mountain Bikes,2320,2316,32
30-01-2016,Cleaners,191,258,334
25-01-2016,Mountain Bikes,565,640,187
25-01-2016,Helmets,1050,1271,417
25-01-2016,Touring Bikes,2384,2502,14
25-01-2016,Bottles and Cages,180,226,1461
25-01-2016,Bottles and Cages,50,56,986
25-01-2016,Caps,135,147,84
25-01-2016,Helmets,350,459,65
13-02-2016,Mountain Bikes,2295,2690,1202
13-02-2016,Bottles and Cages,180,222,261
06-03-2016,Jerseys,150,208,21
19-03-2016,Touring Bikes,2384,2354,14
19-03-2016,Caps,243,270,668
19-03-2016,Helmets,945,1133,8
22-03-2016,Mountain Bikes,2295,2530,148
22-03-2016,Bottles and Cages,280,342,55
22-03-2016,Bottles and Cages,30,39,152
22-03-2016,Helmets,490,632,363
23-03-2016,Tires and Tubes,75,96,42
23-03-2016,Tires and Tubes,120,149,33
23-03-2016,Helmets,315,415,14
31-03-2016,Mountain Bikes,2295,2449,123
31-03-2016,Tires and Tubes,20,25,3
31-03-2016,Tires and Tubes,420,568,739
31-03-2016,Fenders,615,782,263
28-04-2016,Mountain Bikes,769,758,159
28-04-2016,Fenders,352,459,1453
16-05-2016,Touring Bikes,742,906,96
16-05-2016,Helmets,595,843,62
22-05-2016,Touring Bikes,2384,2457,1323
22-05-2016,Helmets,35,46,1245
23-05-2016,Road Bikes,540,598,93
23-05-2016,Tires and Tubes,344,440,42
23-05-2016,Tires and Tubes,20,25,871
23-05-2016,Helmets,1015,1311,1182
23-05-2016,Caps,126,165,1134
23-05-2016,Jerseys,800,1008,89
25-05-2016,Touring Bikes,2384,2602,125
25-05-2016,Helmets,595,694,1182
30-05-2016,Mountain Bikes,540,577,178
30-05-2016,Tires and Tubes,90,108,163
30-05-2016,Tires and Tubes,450,530,240
30-05-2016,Helmets,1050,1260,111
01-06-2016,Road Bikes,2443,2685,75
08-06-2016,Tires and Tubes,35,43,85
08-06-2016,Helmets,490,621,532
18-06-2016,Road Bikes,1701,1693,1797
18-06-2016,Helmets,70,94,1295
25-06-2016,Road Bikes,2443,2971,123
25-06-2016,Helmets,210,283,1102
25-06-2016,Road Bikes,2443,2601,32
02-07-2016,Tires and Tubes,600,748,686
02-07-2016,Tires and Tubes,53,63,988
04-02-2015,Road Bikes,2443,2372,250
05-05-2015,Mountain Bikes,2049,1732,1232
07-05-2015,Road Bikes,2182,2108,2448
25-05-2015,Road Bikes,2182,2009,725
19-06-2015,Mountain Bikes,2049,2103,1144
14-08-2015,Mountain Bikes,2320,2160,1095
14-08-2015,Bottles and Cages,70,72,1464
29-08-2015,Road Bikes,1701,1566,1610
29-08-2015,Jerseys,300,314,21
31-08-2015,Mountain Bikes,2295,2315,76
31-08-2015,Helmets,525,612,1107
31-08-2015,Jerseys,650,627,1249
10-09-2015,Tires and Tubes,58,67,35
10-09-2015,Tires and Tubes,80,92,121
10-09-2015,Tires and Tubes,62,72,97
12-09-2015,Bottles and Cages,100,111,122
20-09-2015,Road Bikes,540,533,183
31-10-2015,Mountain Bikes,2320,2113,176
31-10-2015,Tires and Tubes,64,75,925
08-11-2015,Touring Bikes,2384,2455,209
08-11-2015,Tires and Tubes,870,1002,250
08-11-2015,Tires and Tubes,140,164,170
26-11-2015,Touring Bikes,2384,2296,424
28-11-2015,Mountain Bikes,2320,2123,703
28-11-2015,Bottles and Cages,60,63,1902
28-11-2015,Bottles and Cages,5,5,601
28-11-2015,Helmets,245,298,3459
09-04-2016,Touring Bikes,2384,3126,2138
04-07-2015,Touring Bikes,2384,2724,418
17-07-2015,Road Bikes,2443,2179,1109
17-07-2015,Cleaners,119,170,1189
10-09-2015,Mountain Bikes,2295,2374,98
20-05-2016,Touring Bikes,2384,3197,457
27-06-2016,Touring Bikes,2384,2928,609
27-06-2016,Bottles and Cages,36,53,6
27-06-2016,Bottles and Cages,10,16,504
12-09-2015,Bottles and Cages,50,70,81
12-09-2015,Bottles and Cages,50,68,170
12-10-2015,Bottles and Cages,110,157,1348
12-10-2015,Bottles and Cages,10,15,78
20-01-2016,Tires and Tubes,84,94,1228
20-01-2016,Tires and Tubes,494,622,12
16-02-2016,Tires and Tubes,56,69,89
16-02-2016,Tires and Tubes,623,811,187
16-02-2016,Tires and Tubes,44,57,741
13-03-2016,Tires and Tubes,120,143,190
13-03-2016,Tires and Tubes,39,50,44
18-06-2016,Tires and Tubes,105,122,431
18-06-2016,Tires and Tubes,510,688,185
28-07-2016,Tires and Tubes,15,19,138
28-07-2016,Tires and Tubes,225,288,28
16-07-2015,Tires and Tubes,980,1145,80
24-07-2015,Tires and Tubes,910,1058,744
31-07-2015,Tires and Tubes,32,37,592
31-07-2015,Tires and Tubes,554,632,75
31-07-2015,Tires and Tubes,39,47,58
04-08-2015,Tires and Tubes,11,13,705
